Name,Team,PA,Damage/BBE,Pulled FB (%),90th Pctile EV,Max EV,SEAGER,Selectivity (%),Hittable Pitch Take (%),Chase (%),Z-Contact (%),Zone (%),Z-Swing (%),Whiff vs. Secondaries (%)
Michael Siani,BAL,1,0.0,0.0,79.9,79.9,100.0,100.0,0.0,25.0,,0.0,,
Connor Hujsak,TB,1,,0.0,98.1,98.1,100.0,100.0,0.0,66.7,,0.0,,
Larry Martinez,TB,1,,0.0,94.7,94.7,100.0,100.0,0.0,0.0,100.0,50.0,100.0,
Natanael Yuten,BOS,1,0.0,0.0,83.4,83.4,100.0,100.0,0.0,0.0,100.0,25.0,100.0,
Christian Bethancourt,CHC,2,0.0,0.0,69.7,69.7,100.0,100.0,0.0,42.9,,0.0,,100.0
Brayan Buelvas,ATH,1,,0.0,62.4,62.4,100.0,100.0,0.0,50.0,,33.3,0.0,0.0
Bryson Ware,PHI,1,,,,,100.0,100.0,0.0,20.0,,16.7,0.0,0.0
Eric Hartman,ATL,1,,0.0,55.3,55.3,100.0,100.0,0.0,66.7,,0.0,,
Jack Pineda,KC,2,0.0,0.0,81.2,84.3,100.0,100.0,0.0,50.0,100.0,20.0,100.0,0.0
Richie Martin Jr.,TEX,2,,0.0,54.4,54.4,100.0,100.0,0.0,66.7,,0.0,,100.0
Duncan Pastore,NYY,1,0.0,0.0,82.9,82.9,100.0,100.0,0.0,0.0,100.0,50.0,100.0,0.0
Matt Halbach,CHC,1,100.0,0.0,104.6,104.6,100.0,100.0,0.0,0.0,50.0,50.0,100.0,
Jonny McGill,LAA,1,0.0,0.0,77.8,77.8,100.0,100.0,0.0,50.0,,0.0,,0.0
Ramón Rodríguez,MIL,1,,0.0,101.3,101.3,100.0,100.0,0.0,0.0,100.0,33.3,100.0,0.0
Dylan Jasso,MIA,1,,0.0,85.5,85.5,100.0,100.0,0.0,33.3,,25.0,0.0,
Corey Collins,NYM,1,,,,,100.0,100.0,0.0,33.3,,0.0,,
Aaron Zavala,TEX,1,,,,,100.0,100.0,0.0,20.0,,0.0,,0.0
Kay-Lan Nicasia,MIL,1,0.0,0.0,85.6,85.6,100.0,100.0,0.0,0.0,50.0,50.0,100.0,100.0
Andrew Salas,MIA,2,0.0,0.0,96.7,99.8,100.0,100.0,0.0,33.3,100.0,25.0,100.0,
Charles Davalan,LAD,2,,,,,85.7,85.7,0.0,28.6,0.0,30.0,66.7,66.7
Joe Lampe,CLE,2,0.0,0.0,77.2,77.8,85.7,85.7,0.0,16.7,100.0,25.0,50.0,
Theo Gillen,TB,2,0.0,0.0,94.3,94.3,83.3,83.3,0.0,0.0,100.0,33.3,50.0,
Yerlin Luis,CLE,2,,,,,83.3,100.0,16.7,40.0,100.0,44.4,25.0,
Harry Genth,MIN,1,,,,,83.3,83.3,0.0,25.0,100.0,42.9,33.3,
Brock Jones,TB,1,,,,,80.0,80.0,0.0,33.3,100.0,14.3,100.0,50.0
Heribert Silva,CLE,2,,0.0,108.5,110.5,80.0,80.0,0.0,0.0,100.0,33.3,100.0,
Aaron McKeithan,SEA,2,,,,,80.0,100.0,20.0,40.0,100.0,37.5,33.3,66.7
Gavin Logan,AZ,1,,,,,80.0,80.0,0.0,0.0,100.0,40.0,50.0,
Joe Vetrano,LAD,2,,0.0,98.9,98.9,80.0,80.0,0.0,20.0,100.0,16.7,100.0,
Felix Cotes,TB,1,,,,,80.0,100.0,20.0,25.0,,33.3,0.0,
Merphy Hernandez,MIN,2,0.0,0.0,92.8,93.2,80.0,80.0,0.0,0.0,100.0,33.3,100.0,
Jheremy Vargas,MIL,1,,,,,80.0,80.0,0.0,0.0,100.0,20.0,100.0,
Mike Jarvis,PIT,1,,,,,80.0,80.0,0.0,0.0,100.0,20.0,100.0,
Maick Collado,CLE,2,,0.0,84.2,87.4,80.0,100.0,20.0,33.3,0.0,25.0,50.0,50.0
Miguel Hernández,STL,1,,,,,80.0,80.0,0.0,25.0,0.0,33.3,50.0,
Bobby Boser,ATH,1,,,,,80.0,100.0,20.0,0.0,100.0,33.3,50.0,
Luis Fragoza,MIN,1,,,,,75.0,75.0,0.0,0.0,50.0,37.5,66.7,
Leandro Pineda,WSH,1,,0.0,109.7,109.7,75.0,75.0,0.0,25.0,100.0,20.0,100.0,
Michael Turner,CWS,1,0.0,0.0,91.6,91.6,75.0,100.0,25.0,0.0,100.0,40.0,50.0,
Brailer Guerrero,TB,2,100.0,100.0,90.7,90.7,75.0,75.0,0.0,40.0,50.0,44.4,100.0,33.3
Victor Figueroa,BAL,2,,0.0,92.6,92.6,75.0,87.5,12.5,0.0,50.0,30.0,66.7,100.0
Tyler Whitaker,HOU,1,,,,,75.0,100.0,25.0,40.0,,16.7,0.0,100.0
Cade Fergus,PHI,1,0.0,0.0,73.3,73.3,75.0,100.0,25.0,40.0,,16.7,0.0,
Alfredo Rodriguez,TB,1,0.0,100.0,71.2,71.2,75.0,100.0,25.0,0.0,100.0,40.0,50.0,0.0
CJ Alexander,HOU,1,,,,,75.0,75.0,0.0,40.0,100.0,28.6,100.0,100.0
Nicandro Aybar,TB,1,,,,,75.0,75.0,0.0,40.0,100.0,16.7,100.0,
Kervin Pichardo,WSH,2,0.0,50.0,93.0,93.6,75.0,75.0,0.0,0.0,100.0,40.0,100.0,0.0
Luis Vázquez,BAL,4,0.0,0.0,81.4,82.5,72.7,72.7,0.0,36.4,66.7,26.7,75.0,33.3
Jack Suwinski,LAD,4,100.0,0.0,112.0,112.0,72.2,72.2,0.0,31.2,100.0,30.4,71.4,14.3
Dom Nuñez,CLE,5,0.0,100.0,91.1,91.1,71.8,81.8,10.0,0.0,66.7,42.3,54.5,50.0
Jason Matthews,CWS,3,,,,,71.8,90.0,18.2,30.8,50.0,23.5,50.0,50.0
Dauri Fernández,CLE,2,0.0,0.0,44.0,44.0,71.4,71.4,0.0,20.0,100.0,37.5,66.7,0.0
Jake Gelof,LAD,2,0.0,0.0,69.3,69.3,71.4,71.4,0.0,16.7,100.0,14.3,100.0,0.0
Sam Petersen,WSH,2,100.0,0.0,107.9,107.9,71.4,85.7,14.3,0.0,66.7,60.0,50.0,
Jake Fox,CLE,2,0.0,0.0,90.8,90.8,70.0,70.0,0.0,0.0,75.0,45.5,80.0,0.0
Will Verdung,ATL,3,,0.0,95.7,97.0,68.9,80.0,11.1,12.5,100.0,33.3,50.0,50.0
Josh Wakefield,HOU,2,,,,,68.9,80.0,11.1,22.2,100.0,35.7,60.0,
Jeferson Quero,MIL,5,33.3,25.0,99.4,102.4,68.9,80.0,11.1,33.3,100.0,29.4,80.0,50.0
Clark Elliott,ATH,4,,,,,67.8,90.9,23.1,11.1,0.0,40.0,16.7,100.0
GJ Hill,COL,3,0.0,33.3,94.5,94.9,66.7,66.7,0.0,33.3,100.0,57.1,50.0,0.0
Andy Yerzy,STL,1,,,,,66.7,100.0,33.3,50.0,,20.0,0.0,100.0
Jaiden Lo Re,BAL,2,0.0,0.0,90.5,90.5,66.7,100.0,33.3,40.0,,37.5,0.0,100.0
Ryan Cesarini,CLE,3,0.0,0.0,84.2,86.7,66.7,100.0,33.3,25.0,66.7,60.0,50.0,
Austin St. Laurent,SEA,2,,0.0,101.7,101.7,66.7,66.7,0.0,20.0,100.0,37.5,100.0,
Ryan Mitchell,STL,1,100.0,0.0,103.8,103.8,66.7,66.7,0.0,0.0,100.0,66.7,50.0,
Esmith Pineda,CIN,2,,0.0,96.9,105.5,66.7,66.7,0.0,0.0,100.0,50.0,100.0,0.0
Douglas Hodo III,BAL,3,100.0,0.0,102.8,105.4,66.7,100.0,33.3,66.7,,40.0,0.0,100.0
Mario Camilletti,CWS,1,,,,,66.7,66.7,0.0,0.0,66.7,57.1,75.0,50.0
Jayson Bass,MIN,3,50.0,0.0,108.3,110.2,66.7,66.7,0.0,44.4,100.0,30.8,75.0,0.0
Cade Marlowe,ATH,4,0.0,50.0,97.9,98.5,66.7,83.3,16.7,10.0,100.0,33.3,40.0,0.0
Felnin Celesten,SEA,2,,,,,66.7,66.7,0.0,80.0,100.0,28.6,50.0,80.0
Kyle Lodise,CWS,2,50.0,0.0,99.5,100.3,66.7,83.3,16.7,16.7,100.0,33.3,66.7,
Jackson Hornung,TOR,2,0.0,0.0,101.3,102.8,66.7,83.3,16.7,50.0,100.0,23.1,66.7,33.3
Diego Mosquera,NYM,1,0.0,100.0,79.5,79.5,66.7,66.7,0.0,33.3,100.0,25.0,100.0,
Mike Tauchman,NYM,4,50.0,33.3,99.5,99.6,66.7,66.7,0.0,40.0,71.4,47.4,77.8,33.3
Samuel Zavala,CWS,1,,,,,66.7,66.7,0.0,0.0,0.0,80.0,75.0,100.0
Anthony Huezo,HOU,1,,,,,66.7,66.7,0.0,66.7,,25.0,0.0,100.0
Kevin Villavicencio,NYM,2,0.0,0.0,95.5,97.7,66.7,66.7,0.0,50.0,100.0,20.0,100.0,0.0
Luis Castillo,MIL,2,100.0,0.0,102.5,105.0,66.7,100.0,33.3,25.0,100.0,50.0,25.0,0.0
Logan Wagner,LAD,1,0.0,0.0,70.8,70.8,66.7,66.7,0.0,0.0,100.0,33.3,100.0,0.0
Dillon Lewis,MIA,1,100.0,0.0,108.7,108.7,66.7,100.0,33.3,0.0,100.0,50.0,50.0,
Jake Munroe,LAA,2,100.0,0.0,103.2,103.7,66.7,66.7,0.0,33.3,100.0,50.0,100.0,0.0
Noah Mendlinger,STL,1,0.0,100.0,73.5,73.5,66.7,66.7,0.0,0.0,100.0,50.0,100.0,
Anyelo Encarnación,STL,1,,,,,66.7,100.0,33.3,50.0,,50.0,0.0,
Noah Cardenas,MIN,1,0.0,0.0,96.4,96.4,66.7,66.7,0.0,0.0,100.0,50.0,100.0,
Brendan Jones,MIA,1,,,,,66.7,83.3,16.7,0.0,100.0,28.6,50.0,0.0
Anthony Donofrio,SEA,2,,,,,66.7,100.0,33.3,66.7,0.0,50.0,33.3,100.0
Seby Zavala,LAD,2,0.0,0.0,93.9,93.9,66.7,83.3,16.7,20.0,50.0,44.4,50.0,0.0
Mason Lytle,HOU,1,,,,,66.7,66.7,0.0,0.0,50.0,33.3,100.0,
Tony Santa Maria,TB,1,0.0,0.0,84.5,84.5,66.7,66.7,0.0,0.0,50.0,50.0,100.0,100.0
Erick Brito,PHI,1,,0.0,68.8,68.8,66.7,66.7,0.0,50.0,100.0,50.0,50.0,0.0
Ryan McCoy,TB,1,,,,,66.7,100.0,33.3,0.0,0.0,75.0,33.3,
Juan Baez,MIL,5,50.0,0.0,102.9,103.4,65.3,77.8,12.5,14.3,100.0,50.0,71.4,0.0
Ruben Ibarra,CIN,3,100.0,0.0,101.8,101.8,65.3,87.5,22.2,16.7,100.0,50.0,33.3,
Ramon Mendoza,STL,6,0.0,66.7,81.7,85.9,65.2,93.8,28.6,26.3,100.0,32.1,22.2,100.0
Owen Miller,CHC,4,0.0,100.0,64.0,64.0,63.6,81.8,18.2,18.2,50.0,26.7,50.0,66.7
Nathan Martorella,MIA,4,0.0,0.0,95.6,95.7,63.6,81.8,18.2,11.1,100.0,43.8,57.1,
Jesús Bastidas,MIA,4,0.0,25.0,97.6,104.2,62.5,62.5,0.0,0.0,100.0,60.0,83.3,
Rosman Verdugo,SD,2,,,,,62.5,62.5,0.0,33.3,66.7,40.0,75.0,0.0
Kai Murphy,SD,3,0.0,0.0,94.1,94.3,62.5,62.5,0.0,0.0,80.0,60.0,83.3,50.0
Nathan Archer,CWS,3,100.0,0.0,102.5,102.5,62.3,71.4,9.1,0.0,60.0,37.5,83.3,
Bryan Lavastida,ATH,2,,0.0,71.4,71.4,60.7,75.0,14.3,14.3,100.0,30.0,66.7,33.3
Arjun Nimmala,TOR,3,0.0,0.0,99.5,100.0,60.7,85.7,25.0,16.7,100.0,45.5,40.0,0.0
Daniel Guilarte,MIL,2,,,,,60.7,85.7,25.0,25.0,,20.0,0.0,
Omar Alfonzo,PIT,2,0.0,50.0,78.9,79.0,60.0,60.0,0.0,14.3,80.0,41.7,100.0,50.0
Manolfi Jimenez,PHI,2,,0.0,50.3,50.3,60.0,60.0,0.0,40.0,50.0,28.6,100.0,50.0
Dalton McIntyre,ATL,2,,0.0,74.9,74.9,60.0,80.0,20.0,0.0,100.0,33.3,50.0,
Ryan Galanie,CWS,5,0.0,50.0,90.3,91.6,60.0,60.0,0.0,20.0,66.7,50.0,90.0,50.0
Kendrick Herrera,PIT,1,,,,,60.0,80.0,20.0,0.0,100.0,33.3,50.0,
Jack Hurley,AZ,2,100.0,0.0,102.3,102.3,60.0,80.0,20.0,20.0,100.0,28.6,50.0,0.0
Matt Rudick,NYM,1,,,,,60.0,60.0,0.0,0.0,33.3,50.0,100.0,100.0
Anthony Vilar,SD,1,,,,,60.0,80.0,20.0,0.0,100.0,33.3,50.0,
Ramiro Dominguez,MIN,2,0.0,0.0,89.2,89.8,60.0,80.0,20.0,33.3,50.0,33.3,66.7,50.0
Josh Rivera,TOR,2,0.0,0.0,85.0,85.0,60.0,80.0,20.0,0.0,100.0,33.3,50.0,
Yordany De Los Santos,PIT,1,0.0,0.0,78.4,78.4,60.0,80.0,20.0,0.0,100.0,50.0,33.3,
Eddie Rynders,PIT,1,,,,,60.0,80.0,20.0,0.0,0.0,33.3,50.0,
Jacob Hurtubise,MIL,4,0.0,0.0,88.2,92.1,60.0,80.0,20.0,22.2,100.0,43.8,57.1,50.0
Drew Compton,ATL,2,0.0,0.0,100.5,100.5,60.0,80.0,20.0,25.0,100.0,42.9,33.3,100.0
Payton Green,MIA,1,0.0,100.0,85.4,85.4,60.0,60.0,0.0,0.0,100.0,40.0,100.0,
Jacob Reimer,NYM,4,50.0,0.0,104.4,107.4,60.0,60.0,0.0,36.4,66.7,42.1,75.0,33.3
Darren Baker,CWS,4,50.0,33.3,101.3,102.2,60.0,60.0,0.0,0.0,100.0,63.6,71.4,
Tyler Wade,TEX,4,33.3,25.0,100.4,103.3,60.0,80.0,20.0,30.0,100.0,37.5,50.0,0.0
Will Wilson,SEA,8,50.0,0.0,99.8,106.3,59.3,59.3,0.0,30.0,83.3,41.2,85.7,57.1
Milan Tolentino,CLE,4,50.0,50.0,102.3,104.0,59.2,69.2,10.0,25.0,75.0,50.0,50.0,50.0
Juan Matheus,MIA,4,,0.0,64.3,64.3,57.9,84.6,26.7,20.0,100.0,50.0,30.0,0.0
Josh Kasevich,TOR,3,50.0,0.0,102.7,103.4,57.5,70.0,12.5,12.5,100.0,42.9,83.3,0.0
Jakey Josepha,AZ,3,0.0,0.0,88.0,88.0,57.5,70.0,12.5,33.3,100.0,35.7,60.0,50.0
Ed Howard,CHC,2,,0.0,108.3,109.2,57.1,57.1,0.0,20.0,100.0,44.4,100.0,100.0
Josiah Hartshorn,CHC,3,,0.0,92.7,92.7,56.8,75.0,18.2,12.5,66.7,46.7,42.9,0.0
Yolmer Sánchez,LAA,8,100.0,0.0,96.5,103.2,56.7,70.4,13.6,21.7,66.7,36.1,69.2,33.3
Enrique Bradfield Jr.,BAL,5,,,,,56.4,88.2,31.8,6.2,50.0,36.0,22.2,100.0
Kellon Lindsey,LAD,5,100.0,33.3,90.6,99.1,55.6,66.7,11.1,11.1,83.3,43.8,85.7,0.0
Carter Johnson,MIA,2,,,,,55.6,55.6,0.0,0.0,75.0,44.4,100.0,0.0
Colby Jones,ATL,3,,0.0,102.4,102.4,55.6,66.7,11.1,11.1,50.0,35.7,80.0,66.7
Kevin Newman,KC,3,100.0,0.0,103.3,103.3,55.6,88.9,33.3,0.0,100.0,38.5,20.0,
Leo De Vries,ATH,3,0.0,33.3,83.4,83.7,55.6,55.6,0.0,42.9,50.0,41.7,80.0,50.0
Freddy Zamora,MIL,4,100.0,0.0,106.9,107.6,55.6,55.6,0.0,0.0,100.0,55.6,80.0,
Jacob Amaya,AZ,4,0.0,0.0,93.1,93.1,55.6,55.6,0.0,16.7,50.0,40.0,100.0,25.0
James Tibbs III,LAD,6,66.7,0.0,107.7,109.6,55.0,75.0,20.0,31.2,83.3,38.5,60.0,0.0
Clay Dungan,SD,5,0.0,100.0,96.2,96.2,54.8,71.4,16.7,20.0,25.0,44.4,50.0,100.0
Nolan Schubart,CLE,3,100.0,0.0,105.0,105.2,54.8,71.4,16.7,18.2,66.7,35.3,50.0,0.0
Kale Fountain,SD,3,100.0,0.0,106.6,106.6,54.8,71.4,16.7,37.5,50.0,27.3,66.7,50.0
Luca Tresh,KC,4,0.0,0.0,93.9,100.4,54.8,83.3,28.6,44.4,66.7,35.7,60.0,
Brody Moore,STL,4,0.0,0.0,87.9,89.4,54.8,71.4,16.7,42.9,75.0,46.2,66.7,100.0
Dylan O'Rae,MIL,5,0.0,20.0,103.1,106.8,54.8,71.4,16.7,20.0,100.0,58.3,71.4,0.0
Bryce Eblin,CWS,2,0.0,0.0,75.0,75.0,54.8,71.4,16.7,37.5,100.0,27.3,66.7,0.0
Tevin Tucker,COL,3,0.0,100.0,78.1,78.1,54.8,71.4,16.7,28.6,33.3,36.4,75.0,100.0
Jihwan Bae,MIL,4,,0.0,35.9,37.4,54.8,71.4,16.7,50.0,100.0,23.1,66.7,100.0
Stuart Fairchild,CLE,33,14.3,11.1,106.0,113.1,54.1,69.5,15.4,23.7,52.8,42.4,64.3,56.5
Daniel Vellojin,TB,3,0.0,0.0,81.6,82.8,53.8,53.8,0.0,33.3,100.0,60.0,66.7,0.0
Dasan Brown,MIL,5,100.0,25.0,105.2,105.7,53.4,62.5,9.1,0.0,55.6,55.0,81.8,0.0
Ben Cowles,CHC,4,33.3,33.3,101.8,102.0,52.7,72.7,20.0,30.0,60.0,44.4,62.5,0.0
Jason Schiavone,HOU,2,,0.0,65.2,65.2,52.4,66.7,14.3,33.3,50.0,45.5,40.0,
Jacob Jenkins-Cowart,MIA,1,,0.0,74.1,74.1,50.0,50.0,0.0,,100.0,100.0,50.0,0.0
Drew Swift,ATH,4,66.7,0.0,104.9,105.8,50.0,50.0,0.0,0.0,80.0,60.0,83.3,50.0
Korbyn Dickerson,SEA,2,0.0,0.0,103.3,106.0,50.0,75.0,25.0,0.0,100.0,50.0,66.7,0.0
Gabriel Rodriguez,CLE,1,0.0,0.0,101.0,101.0,50.0,50.0,0.0,0.0,100.0,50.0,100.0,
Gavin Cross,KC,2,,,,,50.0,50.0,0.0,40.0,50.0,44.4,100.0,100.0
Jordan Sprinkle,CWS,1,,,,,50.0,50.0,0.0,66.7,0.0,25.0,100.0,100.0
Jose Salas,MIN,1,,,,,50.0,50.0,0.0,66.7,100.0,25.0,100.0,50.0
Taitn Gray,TB,2,,,,,50.0,50.0,0.0,60.0,100.0,37.5,100.0,75.0
Peyton Wilson,KC,2,,0.0,82.5,82.5,50.0,50.0,0.0,60.0,66.7,37.5,100.0,100.0
Johnathan Rodríguez,BAL,15,40.0,16.7,100.4,100.5,50.0,62.5,12.5,25.6,84.0,43.4,75.8,31.6
Nelly Taylor,BOS,1,,,,,50.0,50.0,0.0,50.0,0.0,33.3,100.0,0.0
Yiddi Cappe,MIA,1,0.0,100.0,74.0,74.0,50.0,100.0,50.0,50.0,,33.3,0.0,
Kyle Sinzza,AZ,1,,0.0,78.3,78.3,50.0,50.0,0.0,25.0,100.0,50.0,100.0,
Brian Kalmer,CHC,2,50.0,0.0,91.1,93.3,50.0,50.0,0.0,50.0,100.0,33.3,100.0,
Yerlin Confidan,CIN,1,,,,,50.0,100.0,50.0,66.7,,25.0,0.0,100.0
Stanley Tucker,BOS,1,0.0,100.0,85.4,85.4,50.0,50.0,0.0,0.0,100.0,50.0,100.0,
Caden Powell,HOU,1,,,,,50.0,50.0,0.0,40.0,50.0,44.4,100.0,75.0
Jadyn Fielder,MIL,1,,,,,50.0,100.0,50.0,66.7,,25.0,0.0,100.0
Lonnie White Jr.,PIT,1,,,,,50.0,100.0,50.0,33.3,,40.0,0.0,
Jesus Castillo,PIT,1,0.0,100.0,65.7,65.7,50.0,50.0,0.0,100.0,100.0,66.7,50.0,50.0
Will Robertson,BAL,2,0.0,0.0,98.1,98.6,50.0,50.0,0.0,25.0,100.0,50.0,75.0,0.0
Jhonkensy Noel,BAL,5,50.0,0.0,107.7,110.5,50.0,60.0,10.0,50.0,100.0,30.4,71.4,50.0
Shalin Polanco,PIT,1,0.0,0.0,99.5,99.5,50.0,50.0,0.0,0.0,100.0,50.0,100.0,
Jay Harry,TOR,1,0.0,0.0,93.5,93.5,50.0,50.0,0.0,,100.0,100.0,50.0,
James Nelson,HOU,1,,0.0,70.7,70.7,50.0,100.0,50.0,50.0,,33.3,0.0,
Brady Day,PHI,1,0.0,0.0,73.8,73.8,50.0,100.0,50.0,0.0,100.0,66.7,50.0,
Austin Murr,PHI,1,0.0,0.0,76.2,76.2,50.0,50.0,0.0,0.0,100.0,66.7,100.0,0.0
Bobby Blandford,ATH,1,,,,,50.0,50.0,0.0,100.0,100.0,66.7,50.0,0.0
Dub Gleed,MIA,1,100.0,0.0,105.2,105.2,50.0,50.0,0.0,0.0,100.0,50.0,100.0,
Trace Willhoite,NYM,2,50.0,0.0,91.5,93.9,50.0,50.0,0.0,40.0,66.7,37.5,100.0,
Nick Roselli,NYM,1,,,,,50.0,50.0,0.0,33.3,0.0,40.0,100.0,100.0
Josh Hood,SEA,1,,0.0,73.9,73.9,50.0,50.0,0.0,,100.0,100.0,50.0,
Casey Opitz,CHC,1,,,,,50.0,75.0,25.0,50.0,100.0,25.0,50.0,0.0
Damon Keith,LAD,1,100.0,100.0,102.2,102.2,50.0,50.0,0.0,0.0,100.0,50.0,100.0,
Braylon Payne,MIL,1,,,,,50.0,100.0,50.0,50.0,100.0,50.0,50.0,
Jose Torres,COL,2,0.0,0.0,72.8,73.9,50.0,50.0,0.0,50.0,100.0,33.3,100.0,
Willie MacIver,TEX,1,,,,,50.0,50.0,0.0,66.7,100.0,25.0,100.0,100.0
Colin Davis,SEA,1,,,,,50.0,50.0,0.0,0.0,50.0,57.1,100.0,
C.J. Stubbs,TOR,1,,,,,50.0,50.0,0.0,20.0,80.0,50.0,100.0,0.0
D'Andre Smith,NYM,1,100.0,0.0,103.3,103.3,50.0,50.0,0.0,50.0,100.0,33.3,100.0,0.0
Jordan Groshans,ATL,2,,0.0,98.7,98.7,50.0,50.0,0.0,50.0,100.0,60.0,66.7,100.0
Gio Urshela,MIN,2,0.0,0.0,70.7,71.1,50.0,100.0,50.0,50.0,100.0,50.0,50.0,0.0
Tavian Josenberger,BAL,1,,,,,50.0,50.0,0.0,50.0,100.0,50.0,100.0,100.0
RJ Schreck,TOR,1,0.0,0.0,91.1,91.1,50.0,50.0,0.0,0.0,100.0,66.7,100.0,0.0
Robert Calaz,COL,2,0.0,0.0,72.7,72.7,50.0,50.0,0.0,60.0,100.0,28.6,100.0,60.0
Ian Moller,TEX,1,,,,,50.0,100.0,50.0,0.0,50.0,75.0,66.7,
Ronny Cruz,WSH,1,0.0,0.0,92.7,92.7,50.0,75.0,25.0,25.0,100.0,33.3,50.0,50.0
Ben McLaughlin,AZ,7,0.0,66.7,82.7,85.4,48.6,83.3,34.8,12.5,100.0,42.9,25.0,0.0
Andrew Pintar,MIA,4,,0.0,82.6,82.6,48.4,71.4,23.1,36.4,100.0,47.6,40.0,33.3
Will Benson,CIN,126,26.8,24.6,105.4,111.9,48.4,63.0,14.7,22.0,74.7,47.6,68.3,43.5
Jaron Elkins,LAD,5,0.0,0.0,91.8,91.8,48.4,71.4,23.1,27.3,83.3,50.0,54.5,75.0
Gabriel Gonzalez,MIN,11,50.0,16.7,95.7,97.6,48.1,58.1,10.0,29.6,100.0,37.2,93.8,42.9
Jonah Bride,TEX,7,0.0,25.0,96.8,97.3,47.3,78.6,31.2,31.2,100.0,33.3,37.5,66.7
Christian Cairo,PHI,7,0.0,0.0,101.8,101.8,47.1,68.2,21.1,27.8,57.1,41.9,53.8,100.0
Junior Caminero,TB,717,48.1,12.0,110.4,116.9,47.0,66.4,19.4,30.4,86.9,43.2,63.2,28.2
Jace Jung,DET,18,27.3,27.3,98.5,107.1,46.9,62.3,15.4,19.4,95.8,48.6,70.6,45.5
Sterlin Thompson,COL,77,27.6,16.7,106.0,110.2,46.8,60.9,14.1,29.5,82.9,44.6,75.5,43.5
Jose Herrera,TEX,3,0.0,0.0,95.9,98.1,46.7,80.0,33.3,25.0,100.0,60.0,50.0,50.0
Jett Williams,MIL,2,,0.0,89.4,90.8,46.7,66.7,20.0,0.0,100.0,57.1,50.0,0.0
Braiden Ward,BOS,6,0.0,0.0,82.9,85.2,46.7,80.0,33.3,21.4,75.0,44.0,36.4,0.0
Austin Hendrick,CIN,2,,,,,46.7,66.7,20.0,0.0,50.0,57.1,50.0,50.0
Conner Capel,COL,5,0.0,0.0,91.8,92.3,46.7,66.7,20.0,20.0,85.7,47.4,77.8,50.0
Jose Monzon,TB,2,0.0,0.0,79.0,79.0,46.7,66.7,20.0,0.0,50.0,42.9,66.7,50.0
Curtis Washington Jr.,SEA,2,,,,,46.7,80.0,33.3,16.7,0.0,25.0,50.0,100.0
Addison Barger,TOR,35,30.8,15.0,107.2,109.9,46.4,68.9,22.5,37.4,93.3,36.8,56.6,41.7
Nick Kurtz,ATH,441,62.7,17.8,110.1,115.9,46.3,65.4,19.1,23.4,77.4,45.8,66.4,38.6
Davis Wendzel,PIT,4,0.0,50.0,100.6,100.8,46.2,56.2,10.0,35.7,88.9,41.7,90.0,0.0
Kade Snell,CHC,5,100.0,0.0,112.8,113.5,46.1,64.3,18.2,11.1,100.0,50.0,66.7,
Yordan Alvarez,HOU,704,44.1,19.2,109.9,118.5,45.9,66.8,20.9,29.4,91.7,43.5,62.1,23.3
Maikol Hernández,BAL,2,,,,,45.8,62.5,16.7,37.5,33.3,33.3,75.0,100.0
Carlos Pérez,HOU,4,0.0,0.0,88.5,88.9,45.8,62.5,16.7,66.7,100.0,53.8,42.9,50.0
Nick Senzel,LAD,4,0.0,50.0,95.2,95.3,45.8,58.3,12.5,30.0,80.0,37.5,83.3,50.0
Jonathan Martinez,CLE,2,,0.0,103.5,103.5,45.8,83.3,37.5,16.7,100.0,40.0,25.0,
Anderson Fermin,BOS,2,,,,,45.8,62.5,16.7,0.0,33.3,44.4,75.0,0.0
Jordan Nwogu,CHC,4,50.0,0.0,110.2,111.2,45.8,58.3,12.5,12.5,100.0,42.9,83.3,100.0
Gavin Kilen,SF,6,0.0,0.0,102.7,103.3,45.8,58.3,12.5,30.0,100.0,33.3,80.0,
Ivan Luciano,AZ,2,,0.0,69.4,69.4,45.8,62.5,16.7,16.7,50.0,45.5,80.0,
Antonio Jimenez,NYM,4,0.0,0.0,99.6,100.1,45.8,62.5,16.7,18.2,71.4,47.6,70.0,100.0
Charlie Szykowny,SF,4,66.7,33.3,103.5,104.2,45.7,60.0,14.3,37.5,100.0,42.9,66.7,0.0
Juan Benjamin,CLE,4,33.3,0.0,106.5,108.8,45.7,60.0,14.3,25.0,100.0,38.5,80.0,
Marcos Castañon,SD,4,50.0,33.3,101.8,102.4,45.7,60.0,14.3,33.3,100.0,35.7,80.0,100.0
Josue De Paula,LAD,42,11.1,11.5,102.1,108.2,45.6,68.0,22.4,18.6,91.1,42.9,61.6,29.2
Lucas Spence,HOU,71,41.7,10.5,106.0,107.3,45.3,64.1,18.8,25.5,72.8,47.5,68.1,42.6
Corey Seager,TEX,445,43.5,15.2,106.7,110.3,45.2,58.1,12.9,28.7,81.6,44.2,82.6,35.7
James Wood,WSH,635,59.6,15.8,111.0,116.3,45.0,68.4,23.4,21.3,82.9,46.0,56.4,39.7
Bryce Harper,PHI,714,32.9,14.2,106.3,113.5,44.7,60.9,16.2,32.7,82.7,43.1,73.5,34.5
Miguel Vargas,CWS,728,35.5,16.6,103.9,112.9,44.7,62.4,17.8,20.6,86.1,47.9,68.8,19.6
Riley Greene,DET,603,41.3,17.2,107.6,112.4,44.6,62.3,17.7,26.1,83.7,47.1,68.9,37.5
Michael Arroyo,SEA,41,32.0,16.7,104.2,108.1,44.6,53.8,9.3,27.7,88.5,47.6,88.1,9.1
Juan Soto,NYM,488,47.8,14.5,106.8,114.2,44.6,64.5,19.9,21.1,87.8,47.2,63.1,20.1
Ronald Acuña Jr.,ATL,494,45.1,22.0,106.8,115.2,44.6,60.1,15.5,28.4,80.5,44.1,75.3,29.4
Zac Veen,COL,79,36.7,17.5,104.8,111.3,44.5,60.8,16.3,41.8,71.4,39.3,76.5,36.4
Dylan Moore,PHI,21,10.0,9.1,96.8,101.3,44.4,67.1,22.7,25.4,77.8,42.2,58.7,45.5
TJ Rumfield,COL,643,15.1,16.3,101.3,110.2,44.3,61.6,17.2,30.2,93.1,44.9,70.6,25.5
Cristian Pache,NYM,13,20.0,33.3,102.8,105.8,44.3,65.9,21.6,30.8,70.6,40.9,63.0,37.5
Esmerlyn Valdez,PIT,287,42.2,22.1,106.4,112.7,44.3,64.5,20.2,21.0,71.8,46.3,64.8,42.4
Oneil Cruz,PIT,429,47.2,7.7,111.5,119.0,44.1,68.2,24.1,29.8,78.8,44.4,57.7,43.7
Mitch Garver,SEA,154,41.7,8.9,104.1,110.5,44.0,65.7,21.7,25.8,76.7,44.9,62.1,56.0
Cooper Ingle,CLE,24,33.3,11.1,100.0,103.6,43.7,62.3,18.6,26.9,87.5,50.5,60.4,28.0
Joey Wiemer,WSH,91,40.7,10.9,103.2,110.5,43.6,66.8,23.2,25.9,84.0,45.0,59.5,36.1
Vimael Machín,COL,6,0.0,0.0,102.6,103.0,43.6,76.9,33.3,27.3,83.3,54.2,46.2,50.0
Gary Sánchez,MIL,277,31.2,16.6,105.5,112.3,43.6,69.4,25.8,22.9,82.5,46.9,51.3,37.3
Mike Trout,LAA,643,39.9,18.5,108.2,114.6,43.5,65.7,22.1,20.5,86.9,46.3,61.8,35.4
Nick Solak,SD,14,20.0,9.1,103.2,109.4,43.3,60.0,16.7,38.9,100.0,48.6,58.8,25.0
Andrés Chaparro,WSH,237,37.5,13.2,106.4,111.2,43.3,60.3,17.0,31.5,81.1,43.9,72.0,43.1
Kyle Schwarber,PHI,724,43.3,13.4,108.6,116.8,43.2,63.1,19.9,26.3,80.2,45.1,66.1,38.5
MJ Melendez,NYM,144,39.7,15.3,105.8,111.9,43.2,63.3,20.1,29.5,76.6,45.4,67.4,30.4
Marcell Ozuna,PIT,289,30.9,17.8,104.3,111.2,43.2,65.1,21.9,27.0,82.2,45.8,61.5,43.3
Curtis Mead,BOS,334,29.7,14.3,105.3,110.1,43.2,66.4,23.2,24.8,91.8,47.3,57.7,23.0
Christian Franklin,BAL,65,41.2,12.8,104.9,109.6,43.1,65.3,22.2,23.0,79.2,44.5,63.1,36.0
Dansby Swanson,CHC,502,32.7,14.7,103.5,110.3,43.1,59.8,16.7,26.8,81.7,47.4,70.7,35.4
Tanner Murray,CWS,36,31.6,24.0,102.9,108.6,43.1,62.5,19.4,30.3,73.7,45.0,70.4,40.0
Mickey Gasper,BOS,232,29.5,15.1,103.4,108.7,43.0,65.6,22.6,21.2,94.3,47.7,57.7,24.8
Luis Robert Jr.,BAL,237,37.6,15.0,107.4,114.6,43.0,61.6,18.6,32.2,86.1,45.2,70.8,35.3
Kane Kepley,CHC,7,33.3,66.7,96.2,100.0,42.9,71.4,28.6,17.6,100.0,45.2,50.0,50.0
Spencer Jones,NYY,306,49.3,24.1,108.8,114.8,42.9,58.2,15.3,35.7,74.3,42.8,77.3,44.2
Kole Myers,LAD,3,0.0,0.0,105.9,107.9,42.9,42.9,0.0,0.0,75.0,57.1,100.0,100.0
Branny De Oleo,NYM,3,0.0,0.0,93.0,93.0,42.9,71.4,28.6,28.6,0.0,41.7,60.0,66.7
Simon Juan,NYM,2,0.0,50.0,94.0,94.0,42.9,42.9,0.0,50.0,66.7,50.0,75.0,100.0
Kenny Piper,TB,11,50.0,33.3,102.0,102.5,42.8,55.3,12.5,14.3,77.3,57.1,78.6,11.1
Yohandy Morales,WSH,47,50.0,18.8,107.1,108.1,42.7,57.6,14.9,33.0,77.4,44.5,72.9,36.7
Max Schuemann,NYY,96,30.2,18.2,100.9,105.7,42.7,65.0,22.4,21.1,84.3,45.2,63.9,38.2
Sung-Mun Song,SD,156,14.5,17.3,102.2,110.4,42.6,62.7,20.2,23.5,82.7,49.0,62.7,29.1
Kyle Karros,COL,483,27.9,17.9,105.1,111.8,42.6,63.3,20.7,25.0,88.8,45.7,67.2,40.2
Adley Rutschman,BOS,425,24.4,17.2,103.0,112.1,42.5,66.1,23.6,25.8,91.2,46.8,57.3,18.8
Chase DeLauter,CLE,573,29.8,17.2,105.8,111.2,42.5,63.6,21.1,20.8,93.0,47.5,65.3,17.8
Shohei Ohtani,LAD,633,45.6,17.3,108.8,117.1,42.5,62.6,20.1,30.0,79.8,46.0,65.9,35.5
Shea Langeliers,ATH,473,37.8,17.0,107.3,117.3,42.5,60.2,17.7,32.8,84.1,44.8,71.6,31.9
Jared Young,NYM,350,31.9,13.0,105.7,113.5,42.3,60.6,18.3,28.0,85.7,46.8,69.8,28.5
Jake Bauers,MIL,594,46.5,17.7,107.6,114.8,42.3,64.2,21.9,21.6,84.7,46.9,61.8,37.8
Munetaka Murakami,CWS,577,58.2,14.1,108.7,114.1,42.3,64.4,22.1,22.2,68.5,46.8,62.6,45.5
Will Wagner,SD,45,0.0,11.1,97.3,99.8,42.3,66.1,23.8,24.0,91.5,43.2,61.8,26.5
Xavier Edwards,MIA,601,11.6,17.6,99.8,108.6,42.3,62.6,20.3,24.3,88.4,47.2,65.5,24.4
Rhys Hoskins,CLE,327,36.0,21.1,104.8,112.3,42.2,63.9,21.7,22.1,77.9,47.8,63.6,39.0
Cal Raleigh,SEA,541,42.1,16.7,105.9,114.2,42.1,61.4,19.3,35.9,78.7,42.7,70.2,36.0
Luken Baker,AZ,5,50.0,0.0,103.9,106.8,42.1,73.3,31.2,37.5,100.0,33.3,25.0,80.0
Gleyber Torres,DET,430,20.7,20.4,100.3,106.9,42.1,61.8,19.7,18.9,85.6,48.8,66.7,23.6
Spencer Torkelson,DET,623,33.6,16.5,103.4,109.8,42.1,62.6,20.4,21.6,82.5,47.8,65.2,41.5
Abraham Toro,KC,5,0.0,0.0,99.3,99.3,42.1,68.8,26.7,0.0,80.0,55.0,45.5,0.0
Francisco Lindor,NYM,477,30.1,16.1,104.3,111.5,42.1,63.0,20.9,29.4,85.9,45.1,66.7,28.6
Will Banfield,CIN,25,7.1,35.3,98.3,109.7,42.0,57.1,15.2,48.9,80.0,47.1,75.0,38.1
Jarred Kelenic,TEX,86,36.7,23.3,106.8,110.8,42.0,63.0,21.1,28.9,81.4,45.2,63.0,47.7
Kyle Tucker,LAD,643,19.7,20.3,102.3,108.6,42.0,58.4,16.4,23.7,87.8,48.9,73.9,26.0
Chad Stevens,COL,41,14.3,15.0,100.3,101.9,42.0,64.8,22.7,39.8,85.4,41.8,64.9,35.7
Jorge Polanco,NYM,152,16.7,16.8,101.9,108.7,42.0,64.0,22.0,30.0,89.0,47.3,62.2,29.2
Gavin Sheets,SD,426,27.9,15.7,103.8,110.1,41.9,66.1,24.2,31.1,90.5,45.5,58.0,26.7
Freddie Freeman,LAD,673,31.8,18.6,103.9,110.3,41.9,58.8,16.8,29.3,84.6,47.1,73.1,24.8
Jim Jarvis,ATL,124,10.2,12.0,102.9,108.7,41.8,63.0,21.2,28.0,90.4,47.7,61.9,23.3
Josh Bell,MIN,639,30.3,15.6,104.8,113.7,41.8,60.7,18.9,29.5,86.5,45.8,71.4,25.6
Braden Montgomery,CWS,376,31.7,10.9,103.8,109.7,41.8,57.6,15.8,28.0,83.8,46.8,76.0,33.4
Braxton Fulford,COL,88,15.6,35.6,104.2,109.5,41.8,62.0,20.2,28.7,79.8,43.9,65.8,44.9
Bryce Eldridge,SF,448,47.0,16.7,106.5,113.4,41.8,64.3,22.5,24.6,84.0,46.3,64.7,38.0
Bo Naylor,MIL,109,31.0,14.7,103.3,108.9,41.7,64.1,22.3,25.2,93.8,47.0,65.3,24.0
Seaver King,WSH,3,100.0,0.0,103.6,103.8,41.7,66.7,25.0,33.3,66.7,53.8,42.9,0.0
Giancarlo Stanton,NYY,103,44.9,15.6,111.4,117.3,41.7,65.8,24.1,30.4,76.7,46.2,62.5,44.7
Carlos Rodríguez,SD,4,0.0,100.0,76.2,76.2,41.7,66.7,25.0,50.0,66.7,46.7,42.9,66.7
Aaron Judge,NYY,294,56.0,17.3,110.0,116.2,41.6,64.8,23.2,26.3,80.3,45.1,63.5,38.4
Liam Hicks,TB,568,8.4,16.1,101.1,108.9,41.6,64.2,22.6,26.5,96.9,47.0,58.8,18.5
Angel Genao,CLE,139,29.8,5.7,104.0,108.7,41.6,63.7,22.1,26.7,87.7,45.1,65.8,29.7
Kyle Stowers,MIA,514,50.0,15.5,106.8,112.8,41.6,57.8,16.2,33.6,79.1,45.0,76.6,41.0
Heriberto Hernández,MIA,511,41.9,11.0,105.7,111.3,41.5,61.2,19.6,23.7,79.4,46.5,69.8,39.5
Gavin Lux,TB,6,0.0,66.7,96.1,97.9,41.5,61.5,20.0,25.0,88.9,41.2,64.3,20.0
Carter Jensen,KC,610,38.4,20.7,107.4,113.7,41.5,61.7,20.3,24.2,83.8,47.3,67.5,27.8
Joey Meneses,ATH,29,35.7,9.5,103.7,106.5,41.5,65.3,23.8,34.8,88.0,44.6,67.6,25.0
Luis Urías,TOR,59,13.3,9.3,101.7,108.3,41.4,57.1,15.7,31.4,93.5,47.4,70.6,12.5
Edouard Julien,COL,289,23.6,12.2,104.0,109.1,41.4,62.8,21.4,18.2,85.9,50.4,62.4,36.0
Mason McCoy,SD,5,33.3,0.0,101.6,102.4,41.4,63.6,22.2,20.0,100.0,66.7,50.0,0.0
John Rave,KC,163,26.1,11.3,103.8,106.5,41.4,64.1,22.6,27.9,86.1,48.3,57.9,29.4
Brock Rodden,SEA,74,25.0,17.9,100.9,106.3,41.4,61.1,19.6,31.7,70.1,44.0,66.4,53.4
Brewer Hicklen,ATL,47,35.7,8.7,103.9,110.7,41.4,60.5,19.1,27.7,76.3,46.0,73.8,52.0
Max Kepler,AZ,145,22.4,13.7,104.4,110.7,41.4,58.6,17.2,37.3,85.8,46.6,71.0,31.0
Wenceel Pérez,DET,184,19.6,22.5,102.4,108.5,41.4,61.1,19.7,28.9,88.9,49.1,66.8,21.3
Vinnie Pasquantino,KC,488,24.0,16.9,104.0,108.9,41.3,63.1,21.8,30.5,92.0,44.9,66.2,21.5
Xander Bogaerts,SD,624,32.1,12.1,104.5,112.0,41.3,64.4,23.1,22.9,86.7,48.9,60.9,32.5
Cal Conley,ATL,4,66.7,33.3,101.9,104.3,41.3,53.8,12.5,22.2,60.0,40.0,83.3,50.0
José Ramírez,CLE,557,20.6,11.9,103.9,110.8,41.3,62.1,20.8,28.4,92.8,45.7,65.0,16.1
Ian Happ,CHC,654,37.9,13.8,104.8,111.5,41.3,62.3,21.0,23.6,80.8,47.6,65.1,33.2
Drew Faurot,MIA,4,100.0,0.0,109.1,109.1,41.3,53.8,12.5,25.0,42.9,52.9,77.8,40.0
Donovan Walton,ATH,273,9.7,14.1,99.7,105.6,41.2,57.3,16.2,28.6,85.4,48.9,73.9,38.4
LaMonte Wade Jr.,HOU,146,18.0,16.5,101.3,107.7,41.1,65.2,24.1,20.9,86.2,47.8,59.1,23.4
Andrew Vaughn,MIL,341,28.9,16.3,103.2,111.6,41.0,66.0,24.9,23.5,89.5,47.5,55.3,28.2
Austin Martin,MIN,366,8.4,15.7,100.5,106.8,41.0,62.5,21.5,18.4,88.2,49.3,62.7,34.2
Nick Sogard,BOS,283,16.9,11.9,100.6,105.9,41.0,66.0,25.0,24.5,88.9,48.0,56.8,24.9
Harry Ford,WSH,118,20.5,16.7,101.2,110.2,41.0,62.4,21.4,18.7,80.6,48.9,66.4,31.8
Adolis García,PHI,267,38.3,19.5,106.5,112.1,41.0,63.1,22.1,29.6,81.9,46.1,63.4,38.2
Willson Contreras,BOS,555,36.9,13.8,108.2,116.0,40.9,61.7,20.8,33.8,83.0,43.7,67.5,40.2
Vladimir Guerrero Jr.,TOR,615,34.4,15.1,108.5,116.3,40.8,61.5,20.8,30.5,88.7,45.4,67.1,25.0
Isaac Paredes,HOU,671,16.9,15.4,101.3,109.5,40.8,63.2,22.4,27.1,91.1,46.7,62.0,21.3
Endy Rodríguez,PIT,159,30.1,18.1,104.7,108.1,40.8,62.7,21.9,26.1,88.0,48.7,64.4,29.8
Austin Hedges,CLE,252,17.5,14.1,101.5,109.6,40.7,62.9,22.2,24.9,85.3,48.3,64.4,33.3
Grant McCray,SF,91,35.3,13.5,104.6,111.6,40.7,63.1,22.4,27.3,73.6,44.9,62.5,47.4
Tim Tawa,AZ,360,27.8,10.7,104.1,110.9,40.7,59.8,19.1,31.3,81.5,46.9,69.3,37.4
Nick Loftin,KC,433,12.0,14.2,100.7,110.8,40.6,64.5,23.9,25.6,90.8,48.7,57.3,29.9
Rece Hinds,BAL,71,36.4,18.8,104.6,109.5,40.5,58.7,18.2,39.9,65.6,41.9,74.4,51.1
Jakob Marsee,MIA,623,15.2,17.0,101.3,110.9,40.5,64.0,23.5,22.3,91.3,49.1,60.1,30.3
Zach Neto,LAA,715,35.9,18.7,104.4,109.7,40.5,61.3,20.7,36.8,83.9,42.6,68.0,43.2
Miguel Amaya,CHC,263,25.6,20.5,102.0,110.3,40.5,61.2,20.7,31.7,84.6,43.7,67.5,33.5
Kevin McGonigle,DET,716,25.7,20.4,102.5,109.5,40.4,61.3,20.9,19.8,90.8,49.1,67.0,22.1
Jhonny Pereda,SEA,103,20.4,12.7,103.3,106.7,40.4,58.5,18.1,25.0,81.2,49.4,71.6,27.2
Taylor Ward,SEA,610,25.4,18.9,102.5,109.5,40.4,67.1,26.7,15.0,88.8,49.7,54.0,23.1
Zack Short,NYM,62,10.0,14.7,99.4,103.2,40.4,61.0,20.7,27.1,81.9,47.1,64.8,34.2
Ben Rice,NYY,692,39.3,15.6,105.6,111.4,40.4,62.7,22.3,24.7,85.4,47.5,63.9,31.8
Drew Romo,CWS,209,13.0,19.0,100.9,108.6,40.3,58.9,18.6,34.6,83.8,44.5,72.1,37.9
Christian Walker,HOU,647,35.2,16.0,106.1,112.5,40.3,58.2,17.9,31.7,85.2,45.1,73.0,37.4
Ryan Bliss,SEA,17,0.0,10.0,100.4,100.5,40.3,50.0,9.7,35.3,71.4,52.1,75.7,50.0
Elly De La Cruz,CIN,649,46.3,16.5,110.1,117.4,40.3,66.3,26.0,25.0,81.3,46.5,57.8,35.8
Alex Freeland,LAD,280,24.3,17.6,103.1,106.9,40.3,64.4,24.1,21.3,81.7,48.2,59.9,38.2
Samuel Basallo,BAL,408,42.6,13.8,107.8,112.5,40.2,61.3,21.1,39.2,82.9,43.3,69.4,34.3
Bryan Reynolds,PIT,705,41.0,14.8,106.2,113.7,40.2,59.9,19.7,24.5,86.5,48.1,70.2,34.3
Denzel Clarke,ATH,95,42.9,9.3,107.6,112.7,40.2,63.2,23.1,27.2,76.3,47.0,65.9,50.8
Tyler Soderstrom,ATH,460,43.1,15.2,105.8,113.6,40.2,60.5,20.3,25.8,89.2,47.3,67.9,31.0
Daz Cameron,TOR,25,23.1,16.7,105.9,108.5,40.2,57.6,17.4,30.2,86.1,54.7,69.2,25.0
Leody Taveras,BAL,489,25.0,17.9,104.6,112.4,40.2,60.8,20.7,32.1,85.7,46.5,67.6,28.9
George Springer,TOR,525,28.6,14.4,104.9,111.3,40.1,58.0,17.9,25.1,87.6,48.1,72.8,29.5
Colton Cowser,BAL,399,30.2,16.3,105.1,113.3,40.0,63.9,24.0,29.5,80.6,47.6,59.9,40.8
David Fry,CLE,223,30.5,15.4,102.2,108.0,40.0,63.4,23.4,27.8,79.2,46.2,63.4,34.9
Blake Hunt,SD,3,,,,,40.0,70.0,30.0,44.4,33.3,47.1,37.5,60.0
Jacob Burke,CWS,2,0.0,0.0,79.0,79.0,40.0,40.0,0.0,0.0,66.7,60.0,100.0,0.0
Alexander Vargas,CIN,3,,0.0,106.0,106.5,40.0,40.0,0.0,60.0,80.0,33.3,100.0,33.3
William Contreras,MIL,657,37.5,16.4,106.0,112.8,40.0,60.0,20.0,28.3,88.9,47.7,67.9,26.5
Davis Schneider,TOR,162,34.3,17.9,102.6,111.1,40.0,64.2,24.2,20.9,82.1,47.1,58.3,31.4
Michael Busch,CHC,727,27.7,18.4,102.5,110.9,40.0,62.4,22.5,24.7,85.8,47.6,64.4,37.7
Zach Kokoska,COL,2,0.0,0.0,71.4,71.4,40.0,40.0,0.0,33.3,100.0,50.0,100.0,33.3
Hayden Cantrelle,CHC,2,50.0,0.0,99.7,99.7,40.0,40.0,0.0,33.3,66.7,50.0,100.0,
Mac Guscette,ATL,1,,,,,40.0,40.0,0.0,50.0,100.0,42.9,100.0,100.0
Romy Gonzalez,BOS,73,36.0,17.8,105.3,108.2,39.9,56.7,16.8,32.9,82.0,46.2,75.2,40.3
Jonatan Clase,TOR,25,20.0,7.1,99.8,103.5,39.9,64.5,24.6,26.7,81.8,47.4,61.1,30.4
Fernando Tatis Jr.,SD,724,51.8,14.3,109.2,115.7,39.8,61.0,21.2,26.6,88.2,47.6,67.3,32.0
Wyatt Langford,TEX,480,28.8,20.2,105.0,111.3,39.8,59.8,20.0,25.8,85.3,48.3,68.3,29.3
Tommy Edman,LAD,334,18.6,15.8,103.7,108.5,39.8,60.9,21.1,30.5,91.0,46.6,64.6,30.2
Joey Bart,CWS,133,20.8,15.2,105.8,109.6,39.8,60.9,21.1,33.7,88.2,45.9,65.0,36.2
Royce Lewis,MIN,522,30.7,17.4,106.1,112.4,39.7,58.4,18.8,33.4,81.6,46.7,70.2,37.8
Everson Pereira,STL,118,31.8,18.8,106.0,108.4,39.6,58.0,18.4,36.5,80.8,45.4,75.3,42.7
Jorge Soler,LAA,369,35.2,13.0,107.4,112.7,39.6,60.5,21.0,27.5,78.0,47.4,69.0,44.9
Matt Wallner,MIN,144,42.2,10.8,106.7,110.3,39.6,57.5,17.9,32.1,72.3,48.3,74.7,52.2
Matt Olson,ATL,727,50.0,19.4,107.9,111.6,39.5,60.9,21.5,28.0,84.7,48.5,66.9,27.9
Spencer Horwitz,PIT,457,15.9,18.6,101.2,108.0,39.5,63.7,24.2,24.8,92.0,47.8,58.8,19.3
Nolan Schanuel,LAA,457,16.7,10.8,101.2,106.6,39.5,62.8,23.4,26.7,93.1,48.7,61.9,24.7
Dylan Beavers,BAL,363,30.6,19.9,103.3,109.6,39.5,62.3,22.8,23.7,84.3,49.7,60.5,30.5
Manny Machado,SD,697,37.7,18.6,105.7,112.0,39.5,59.7,20.2,29.9,85.6,47.2,67.7,29.6
Andy Pages,LAD,589,27.3,17.2,104.3,109.7,39.4,61.4,22.0,31.4,90.7,45.6,65.6,25.9
Jorbit Vivas,WSH,367,11.2,17.2,100.2,108.7,39.4,57.4,18.0,29.0,92.0,45.5,73.9,28.9
Pete Alonso,BAL,711,46.2,15.9,107.5,114.6,39.4,61.4,22.0,26.7,84.6,46.4,66.1,32.5
Carter Trice,CHC,4,100.0,100.0,96.9,96.9,39.4,66.7,27.3,0.0,50.0,66.7,40.0,
Sal Stewart,CIN,715,38.3,17.6,105.4,111.4,39.4,58.7,19.4,32.0,81.6,47.3,69.2,23.5
Randy Arozarena,SEA,680,33.6,14.2,104.4,113.0,39.4,61.4,22.0,30.5,79.0,46.7,63.3,24.8
James Outman,DET,180,30.9,13.8,102.5,107.5,39.4,58.0,18.6,30.7,73.0,46.7,75.5,50.3
Garrett Stubbs,PHI,71,3.4,21.7,98.1,103.5,39.4,58.9,19.5,36.7,87.5,45.3,69.6,37.7
Justin Dean,CHC,10,33.3,0.0,100.9,101.9,39.4,51.9,12.5,38.1,69.2,43.2,81.2,50.0
Ryan Jeffers,MIN,380,31.1,17.0,106.4,113.4,39.4,65.3,25.9,26.4,91.1,47.5,56.1,25.1
Riley Unroe,HOU,6,0.0,33.3,84.2,86.0,39.4,62.5,23.1,16.7,42.9,45.5,70.0,60.0
Hunter Feduccia,LAD,259,23.9,17.6,104.4,108.2,39.4,63.9,24.5,24.2,84.5,47.1,61.7,32.5
Nolan Arenado,AZ,610,16.4,11.5,102.0,108.5,39.3,62.8,23.5,32.0,85.7,46.0,63.5,29.9
Connor Joe,SEA,55,31.8,13.3,106.8,107.7,39.3,64.9,25.7,26.9,82.4,47.7,55.7,34.1
Andrew Knizner,SF,84,21.3,24.2,104.7,107.6,39.2,63.2,24.0,39.4,84.5,45.5,60.9,22.9
Owen Caissie,MIA,336,38.7,17.3,107.0,112.6,39.2,62.0,22.8,29.9,80.3,46.5,64.5,44.2
Jose Altuve,HOU,585,19.5,12.8,101.2,108.7,39.2,62.0,22.8,37.2,86.5,44.9,63.6,25.2
Griffin Conine,MIA,329,47.1,10.3,107.8,115.0,39.2,60.9,21.7,33.2,78.1,44.6,68.5,44.7
Geraldo Perdomo,AZ,690,10.6,14.3,100.1,109.9,39.2,64.9,25.7,20.8,91.8,50.4,56.5,12.3
Brent Rooker,ATH,209,40.0,19.7,106.7,111.4,39.1,58.7,19.6,31.4,77.5,46.3,70.7,49.7
Christian Yelich,MIL,513,37.8,15.3,104.3,111.1,39.1,60.4,21.3,24.3,81.8,48.3,68.1,37.3
Austin Hays,SD,115,24.0,12.3,103.1,111.9,39.1,58.8,19.7,37.2,78.3,44.5,73.7,37.2
Carson Kelly,CHC,441,23.6,16.2,102.6,108.6,39.1,60.0,21.0,25.3,90.5,48.2,67.1,29.8
Pedro Pagés,STL,214,31.2,17.9,103.7,108.9,39.1,59.9,20.8,34.8,86.0,47.8,64.2,37.8
Teoscar Hernández,LAD,506,35.8,19.0,106.1,112.6,39.1,60.5,21.4,30.9,79.1,46.8,66.6,40.9
J.P. Crawford,SEA,489,18.3,12.6,102.1,107.8,39.0,64.8,25.8,19.7,89.3,50.7,56.3,20.9
Max Muncy,LAD,574,39.1,14.6,105.6,112.7,39.0,61.6,22.5,25.7,84.0,47.8,65.5,36.3
Byron Buxton,MIN,417,41.9,16.7,106.2,111.9,39.0,56.9,17.9,33.9,85.1,46.1,73.9,35.2
Luis Campusano,SD,263,25.0,16.4,104.2,111.4,39.0,60.1,21.1,29.2,86.1,46.7,66.4,31.8
Wilyer Abreu,BOS,701,30.1,21.8,105.2,113.1,39.0,59.3,20.3,29.9,85.1,46.5,67.7,25.1
Wade Meckler,LAA,337,10.9,11.8,99.9,105.8,39.0,61.3,22.2,23.1,89.5,48.9,65.9,29.6
Henry Davis,PIT,306,40.1,12.4,105.6,112.3,39.0,55.7,16.7,32.5,83.8,47.7,75.4,29.0
Rob Refsnyder,SEA,135,28.8,24.7,101.8,112.3,39.0,62.0,23.1,25.6,84.0,47.5,64.5,34.4
Carter Cunningham,TOR,3,0.0,0.0,99.4,100.1,38.9,55.6,16.7,33.3,75.0,50.0,66.7,0.0
Bryan Ramos,BAL,6,0.0,25.0,94.2,94.4,38.9,55.6,16.7,30.0,100.0,54.5,58.3,0.0
Garrett Mitchell,MIL,543,51.7,10.5,108.9,115.5,38.9,61.7,22.7,22.7,77.6,48.8,66.6,42.1
Josh Rojas,KC,119,9.5,17.0,99.4,104.2,38.9,59.3,20.5,30.2,91.2,49.0,69.5,24.7
Mark Canha,TEX,5,50.0,50.0,99.0,100.7,38.9,55.6,16.7,47.1,80.0,32.0,62.5,66.7
Caden Kendle,MIN,3,50.0,0.0,95.8,99.7,38.9,55.6,16.7,10.0,87.5,52.4,72.7,33.3
Miguel Rojas,LAD,260,14.4,16.7,101.9,109.8,38.9,59.5,20.6,32.2,90.5,45.8,69.2,26.3
Adrian Rodriguez,AZ,3,0.0,0.0,101.8,101.8,38.9,55.6,16.7,20.0,66.7,50.0,60.0,100.0
Nic Kent,COL,3,50.0,0.0,106.2,107.2,38.9,55.6,16.7,16.7,60.0,50.0,83.3,25.0
Daniel Johnson,HOU,17,22.2,9.1,104.3,107.2,38.8,62.2,23.3,28.1,92.9,39.6,66.7,28.6
JJ Bleday,CIN,546,28.7,15.9,104.3,113.5,38.8,59.0,20.1,22.8,84.0,49.3,70.0,35.6
John Peck,DET,84,41.2,21.8,104.4,109.9,38.8,55.6,16.8,33.3,82.2,46.2,75.4,34.9
Leo Jiménez,MIA,200,19.2,13.5,103.9,108.0,38.8,63.1,24.3,26.8,88.3,45.1,61.8,35.5
Trevor Larnach,MIN,446,20.3,12.7,104.6,109.9,38.8,63.5,24.7,29.7,86.4,47.0,60.3,39.1
Seiya Suzuki,CHC,642,30.4,19.1,105.9,112.9,38.8,63.9,25.1,22.4,88.6,47.7,59.3,29.5
Ramón Laureano,SD,214,34.5,17.2,105.0,109.7,38.8,58.3,19.5,32.1,82.3,46.6,70.4,39.7
Eugenio Suárez,CIN,510,30.2,22.4,104.7,111.3,38.8,61.0,22.2,28.2,81.1,46.6,65.8,46.1
Travis Bazzana,CLE,525,22.8,15.6,102.3,112.4,38.7,60.7,21.9,27.4,87.3,48.2,65.8,33.4
Colt Keith,DET,433,29.6,15.6,104.0,114.1,38.7,61.6,22.9,24.2,87.9,50.0,63.1,33.0
Luke Keaschall,MIN,629,17.3,22.5,101.5,108.1,38.7,61.6,22.9,22.7,90.8,49.0,63.6,23.4
Luis Torrens,NYM,284,31.7,15.6,102.6,107.5,38.7,60.2,21.4,32.1,87.4,47.0,66.1,29.7
Alan Roden,MIN,98,17.0,20.5,102.2,107.3,38.6,60.4,21.8,25.4,92.2,49.0,66.7,20.6
Carlos Santana,AZ,38,30.0,23.1,99.3,107.2,38.6,57.6,19.0,30.3,82.7,45.4,70.3,35.3
Ozzie Albies,ATL,712,16.5,18.4,101.0,108.7,38.6,55.2,16.6,37.9,88.0,44.1,78.3,21.5
Max Muncy,ATH,291,35.3,16.3,106.3,111.4,38.6,58.7,20.1,33.1,83.4,46.9,69.0,39.7
Luis Matos,MIL,25,11.1,23.5,101.6,104.5,38.6,58.0,19.4,49.0,92.6,42.0,73.0,21.1
Jonathan India,KC,66,33.3,19.5,104.1,110.8,38.6,63.9,25.3,18.7,82.9,49.8,57.1,37.1
Austin Riley,ATL,659,43.9,18.0,106.7,112.2,38.6,60.4,21.9,31.8,81.9,45.5,68.7,35.4
Jake Burger,TEX,630,40.5,14.6,108.0,113.6,38.6,60.2,21.6,35.2,81.5,44.9,66.8,41.8
Jordan Walker,STL,674,39.6,14.6,110.4,117.2,38.5,58.9,20.4,35.8,81.1,46.2,71.2,38.3
Nick Yorke,PIT,125,32.7,11.6,105.4,113.5,38.5,57.7,19.2,30.8,87.8,47.4,69.2,27.8
Tyler O'Neill,BAL,267,35.1,18.2,104.0,110.9,38.5,59.1,20.6,28.3,83.5,46.4,69.9,36.7
Francisco Alvarez,NYM,423,47.1,12.4,108.0,113.7,38.5,62.5,24.0,31.9,80.0,45.3,61.8,36.5
Edgar Quero,CWS,225,18.3,13.5,103.5,108.1,38.4,56.3,18.0,25.6,88.5,48.1,75.4,18.5
Nate Eaton,BOS,69,25.0,10.8,102.7,107.7,38.4,60.9,22.5,32.7,76.3,45.4,70.8,40.6
Alex Call,LAD,204,5.5,16.3,96.8,109.4,38.4,62.5,24.1,23.9,90.9,49.6,60.2,14.7
Gunnar Henderson,BAL,712,30.8,13.4,105.0,111.9,38.4,60.0,21.6,30.3,87.8,47.8,66.4,26.3
Nate Furman,SF,39,0.0,4.2,97.0,101.9,38.4,65.9,27.5,33.3,97.4,42.9,61.9,27.8
Richie Palacios,TB,407,11.9,13.7,101.1,106.9,38.4,61.5,23.0,32.4,87.3,44.3,64.1,27.0
Ketel Marte,AZ,634,30.8,13.8,107.5,116.9,38.4,59.9,21.4,31.3,90.7,46.8,67.9,26.2
Taylor Trammell,HOU,295,36.1,13.6,107.7,113.3,38.4,59.9,21.4,29.2,75.2,48.4,70.0,45.5
Drew Cavanaugh,SF,166,23.1,16.7,101.9,106.6,38.4,59.6,21.1,27.0,85.4,47.9,67.1,33.6
Austin Slater,TB,74,16.0,18.2,99.2,103.2,38.4,60.0,21.6,28.7,80.4,47.9,66.7,44.4
JJ Wetherholt,STL,626,29.5,15.6,102.4,108.7,38.3,61.5,23.2,21.1,87.6,49.7,63.1,19.2
Lawrence Butler,ATH,546,41.4,13.5,106.0,112.7,38.3,59.9,21.6,24.8,82.4,48.4,68.5,31.8
Dominic Smith,ATL,313,24.4,15.9,102.0,109.1,38.3,59.4,21.1,30.5,88.2,48.3,67.3,28.6
Max Clark,DET,206,18.3,17.6,101.6,106.7,38.2,60.1,21.9,28.6,93.3,50.0,63.4,24.2
Willi Castro,COL,487,29.3,15.8,105.6,112.1,38.2,56.9,18.7,37.6,83.1,44.5,73.1,33.8
Maikel Garcia,KC,354,25.0,14.9,104.7,110.6,38.2,64.9,26.7,22.9,93.2,49.7,55.0,20.2
Ryan Vilade,TB,288,29.9,15.3,106.9,113.6,38.1,58.0,19.9,27.7,86.2,48.9,70.9,27.6
Rudy Martin Jr.,TOR,5,100.0,0.0,101.2,102.9,38.1,66.7,28.6,18.2,40.0,47.6,50.0,60.0
Will Smith,LAD,291,37.6,22.7,104.5,110.8,38.1,61.7,23.6,20.9,90.2,49.6,62.7,19.2
Cole Carrigg,COL,372,27.2,12.9,103.3,109.9,38.1,56.9,18.9,36.3,85.9,45.3,74.0,32.6
Carlos Cortes,ATH,386,22.0,15.4,103.1,110.4,38.1,59.4,21.3,28.1,85.6,49.0,66.2,27.8
Maverick Handley,BAL,5,0.0,0.0,93.0,95.1,38.1,56.2,18.2,25.0,42.9,42.9,77.8,60.0
Lane Thomas,ATL,383,30.9,15.0,104.7,109.9,38.1,61.8,23.7,20.9,86.1,49.1,62.7,29.7
Isiah Kiner-Falefa,BOS,194,8.9,15.4,100.0,109.0,38.0,61.4,23.4,31.5,91.5,46.2,64.8,25.8
Bobby Witt Jr.,KC,642,35.2,17.8,107.5,117.2,38.0,60.4,22.4,33.8,88.8,44.6,67.1,28.4
Jake Rogers,CWS,174,25.3,13.3,101.6,109.3,38.0,64.3,26.3,25.5,82.6,48.1,60.0,37.3
Tommy Troy,AZ,143,29.5,18.8,103.0,109.9,38.0,62.6,24.6,27.7,80.7,48.5,63.1,39.0
Brendan Donovan,SEA,174,7.5,11.4,100.3,111.8,38.0,60.8,22.8,23.5,90.4,47.9,66.7,25.0
Brett Baty,NYM,479,38.0,20.4,106.6,114.0,38.0,58.2,20.2,28.6,82.9,49.8,69.2,36.7
Nolan Gorman,STL,304,39.3,22.1,105.5,111.9,38.0,59.5,21.6,31.2,75.9,47.1,68.5,41.8
Kyle Higashioka,TEX,193,20.7,10.7,103.9,107.1,38.0,62.4,24.4,31.3,87.2,48.6,58.4,39.3
Connor Norby,COL,388,26.3,16.9,101.8,106.9,38.0,56.1,18.0,27.7,83.0,47.7,75.1,38.0
Drew Gilbert,SF,400,17.4,13.3,103.3,110.1,37.9,62.1,24.2,25.3,90.1,48.7,59.1,26.4
Ben Malgeri,DET,140,33.3,16.5,104.3,106.5,37.9,60.8,22.9,23.8,84.3,48.5,66.9,36.2
Corbin Carroll,AZ,680,38.9,17.8,105.8,112.9,37.9,61.2,23.3,29.9,81.3,45.6,64.4,24.2
P.J. Higgins,CIN,40,9.1,25.0,98.8,110.0,37.8,63.8,26.0,16.0,89.8,50.0,60.5,30.8
Kazuma Okamoto,TOR,643,38.5,16.0,106.7,112.6,37.8,59.0,21.2,27.3,80.5,48.7,67.7,34.8
Agustín Ramírez,MIA,264,33.3,13.4,108.3,114.9,37.8,58.6,20.8,29.1,80.6,47.9,70.7,36.1
Austin Wells,NYY,405,34.2,17.4,104.9,110.5,37.8,60.5,22.6,28.0,83.3,47.5,67.2,37.3
Abimelec Ortiz,WSH,136,26.5,16.1,105.5,112.2,37.8,59.3,21.5,37.1,86.1,45.8,66.4,29.1
Alex Bregman,CHC,720,21.2,12.8,102.0,108.3,37.8,62.3,24.5,23.4,91.7,49.6,60.1,25.1
Henry Bolte,ATH,480,40.1,10.1,109.0,115.1,37.8,57.6,19.8,28.5,81.6,47.9,73.3,40.9
Coby Mayo,BAL,462,45.0,14.8,109.1,116.5,37.8,61.5,23.7,31.3,84.7,46.9,63.9,39.6
Jeremy Peña,HOU,491,28.6,13.8,104.8,110.0,37.7,55.8,18.2,39.6,84.4,45.5,74.2,43.3
TJ Friedl,CIN,281,12.8,13.9,101.4,106.4,37.7,61.6,23.9,23.5,86.0,48.7,62.9,40.3
Trent Grisham,NYY,500,32.0,12.9,104.2,111.6,37.7,63.3,25.5,18.9,89.0,50.3,58.7,27.7
Leo Bernal,STL,102,37.7,11.4,105.1,109.8,37.7,61.0,23.3,29.2,86.8,46.1,66.9,33.7
Héctor Rodríguez,CIN,154,24.2,14.2,105.8,115.2,37.7,57.9,20.2,42.9,82.8,44.2,71.7,31.9
Josh Smith,TOR,254,14.5,19.3,101.6,108.1,37.7,61.4,23.7,33.5,90.4,48.0,61.4,27.4
Andrew McCutchen,TEX,89,14.0,19.6,101.4,106.0,37.7,57.8,20.1,21.2,77.3,50.9,69.1,43.7
Brian Navarreto,MIA,61,30.0,19.4,102.4,107.7,37.6,57.4,19.8,39.4,82.3,47.1,69.9,51.9
Alec Burleson,STL,677,41.7,15.6,106.9,112.0,37.6,56.9,19.4,38.2,84.5,45.0,72.6,23.1
Yoán Moncada,LAA,141,37.0,13.4,105.9,110.4,37.6,65.4,27.8,22.3,82.7,48.7,57.1,38.7
Brandon Lowe,PIT,661,39.4,14.3,105.5,111.1,37.6,57.5,19.9,33.7,81.0,45.8,70.9,39.2
Danny Jansen,TEX,230,21.6,13.0,101.6,107.3,37.5,59.4,21.9,22.3,83.9,50.7,66.7,30.5
Luis Rengifo,SD,361,22.4,11.0,102.3,109.2,37.5,58.5,20.9,31.0,88.8,45.7,70.3,20.9
Gustavo Campero,LAA,16,33.3,30.0,104.0,106.6,37.5,52.3,14.8,36.1,73.9,42.9,85.2,61.1
Jax Biggers,HOU,5,0.0,0.0,93.7,94.8,37.5,50.0,12.5,30.0,100.0,44.4,87.5,50.0
Dalton Rushing,LAD,262,42.1,15.6,106.5,111.5,37.5,58.8,21.3,29.7,79.3,47.5,69.3,34.4
Ezequiel Tovar,COL,520,28.8,19.5,103.9,109.4,37.5,51.3,13.8,43.7,82.9,45.6,81.5,34.9
Jackson Merrill,SD,683,43.0,18.4,105.0,112.7,37.4,54.7,17.4,37.7,84.2,46.0,78.2,28.0
Jackson Holliday,BAL,354,19.5,16.1,101.7,105.8,37.4,61.0,23.6,26.8,85.2,48.5,64.3,30.0
A.J. Ewing,NYM,491,29.2,16.1,103.8,110.5,37.3,59.7,22.4,26.7,85.0,47.6,67.4,34.8
Julio Rodríguez,SEA,664,36.2,15.2,107.5,114.6,37.3,59.6,22.3,38.5,86.6,44.4,69.0,34.2
Jahmai Jones,BOS,191,41.2,14.2,106.2,111.9,37.3,57.9,20.5,29.8,77.3,46.1,71.4,40.5
Adrian Del Castillo,AZ,197,28.3,18.1,102.0,107.8,37.3,59.3,22.1,29.8,84.9,47.7,68.6,30.8
Alex Verdugo,SD,6,33.3,0.0,101.3,103.6,37.3,63.6,26.3,26.7,83.3,48.3,42.9,0.0
Jorge Barrosa,HOU,184,10.7,13.0,98.3,104.1,37.3,62.2,24.9,28.2,80.3,46.1,61.4,27.5
Brice Turang,MIL,693,40.2,16.2,104.2,109.8,37.3,61.3,24.0,24.7,84.6,49.3,62.6,25.3
Kyren Paris,LAA,18,25.0,14.3,100.5,101.1,37.3,59.0,21.7,12.8,68.8,53.0,72.7,56.2
Logan O'Hoppe,TEX,281,22.6,16.2,103.4,114.3,37.2,59.0,21.8,34.6,87.3,45.3,70.5,36.1
Moisés Ballesteros,LAA,365,33.8,18.2,104.7,111.4,37.2,58.9,21.7,36.3,84.8,43.4,69.1,28.0
Eloy Jiménez,TOR,37,13.3,7.4,101.5,102.5,37.2,62.2,25.0,39.0,86.8,40.6,67.9,26.3
Isaac Collins,KC,526,18.7,19.8,104.2,110.9,37.2,62.4,25.1,21.9,89.3,49.4,59.2,32.9
Carlos Correa,HOU,144,36.9,14.1,107.2,113.1,37.2,62.4,25.2,31.5,84.9,44.6,61.9,32.5
Turner Hill,SF,124,8.2,12.5,100.3,104.2,37.2,62.3,25.1,20.3,92.6,51.0,59.0,22.7
Joey Loperfido,HOU,128,32.7,11.4,103.7,106.2,37.1,59.9,22.8,29.3,80.4,49.4,67.2,32.8
Taylor Walls,TB,436,7.0,17.6,98.4,107.7,37.1,61.1,23.9,25.8,84.3,48.1,62.0,30.8
Angel Abreu,CLE,2,,0.0,85.9,85.9,37.1,57.1,20.0,20.0,66.7,44.4,75.0,0.0
Luke Maile,KC,48,28.6,20.0,100.1,106.3,37.1,63.8,26.7,30.4,89.6,48.0,56.5,25.0
Marcus Semien,NYM,553,18.0,14.0,101.1,107.5,37.1,56.6,19.4,27.3,87.1,50.0,71.5,27.2
Gage Workman,SD,41,47.1,20.8,105.9,109.0,37.1,53.8,16.7,42.5,83.9,46.7,80.0,42.6
Leo Rivas,SEA,158,5.8,14.1,97.1,102.9,37.1,63.3,26.1,17.6,83.6,51.1,56.5,36.6
José Fermín,STL,379,7.6,11.5,99.1,109.3,37.1,63.3,26.2,22.6,91.4,51.0,56.8,13.8
Kyle West,NYY,2,100.0,50.0,103.7,104.5,37.1,57.1,20.0,25.0,100.0,55.6,60.0,0.0
Trea Turner,PHI,722,20.5,14.0,103.6,110.1,37.1,57.7,20.6,34.7,86.3,46.3,69.3,34.5
Cam Smith,HOU,580,32.8,16.1,107.3,114.7,37.1,58.8,21.7,30.1,82.2,47.3,69.0,40.7
Kevin Fitzer,COL,2,100.0,0.0,107.3,107.3,37.1,80.0,42.9,0.0,50.0,55.6,40.0,0.0
Matt Chapman,SF,358,33.6,17.7,107.0,113.0,37.1,60.8,23.8,26.2,86.0,49.4,63.2,24.1
Jordan Lawlar,AZ,145,23.9,18.3,102.9,106.7,37.1,59.7,22.5,26.6,84.6,47.6,67.4,29.0
Colson Montgomery,CWS,659,34.2,15.9,106.3,115.4,37.1,57.9,20.8,32.3,81.8,46.9,72.9,42.2
Raynel Delgado,HOU,42,11.1,6.2,97.3,103.7,37.0,56.0,19.0,29.9,86.0,49.6,75.8,46.4
Drake Baldwin,ATL,643,41.4,16.6,105.5,112.8,37.0,57.4,20.4,34.5,85.3,46.5,70.7,30.2
Jordan Beck,COL,194,29.1,25.2,102.6,110.0,36.9,57.4,20.5,38.0,82.3,46.4,69.3,38.9
Andrew Benintendi,CWS,480,25.2,10.0,101.7,109.9,36.9,56.8,19.8,33.9,80.1,45.7,73.1,30.7
CJ Abrams,WSH,663,31.8,16.9,104.2,110.8,36.9,58.4,21.6,36.7,84.0,45.4,69.1,33.9
Darell Hernaiz,ATH,163,9.6,23.0,101.0,108.5,36.9,58.2,21.3,36.2,84.8,45.4,67.5,31.5
George Lombard Jr.,NYY,177,36.2,16.9,103.7,111.1,36.8,59.1,22.4,27.7,83.0,50.2,65.7,26.7
Jake Fraley,TB,107,22.0,20.0,102.2,107.8,36.8,58.6,21.8,22.0,88.0,50.6,67.3,31.4
Dane Myers,CIN,345,25.4,18.7,102.5,110.0,36.8,61.5,24.8,25.3,84.0,48.3,61.7,20.9
Dustin Harris,SD,163,8.4,8.6,99.7,105.6,36.8,59.9,23.2,31.4,88.3,48.8,66.0,27.4
Noelvi Marte,CIN,213,25.9,12.4,105.5,112.8,36.8,61.0,24.1,41.2,88.0,44.8,65.5,33.0
Sam Antonacci,CWS,572,14.8,14.1,101.4,108.4,36.8,61.3,24.5,21.8,91.7,50.1,62.7,15.6
Logan Porter,LAA,6,50.0,0.0,101.2,103.0,36.8,68.4,31.6,18.8,83.3,42.9,50.0,33.3
Joc Pederson,TEX,440,42.5,14.0,105.5,110.6,36.7,60.5,23.9,30.2,81.1,48.5,64.5,31.5
Nick Morabito,NYM,46,6.2,12.0,102.4,106.1,36.7,65.5,28.7,33.7,73.2,46.8,50.6,31.0
Ryan Kreidler,MIN,273,29.8,13.8,104.3,113.1,36.7,54.9,18.2,28.4,81.0,49.9,75.6,34.6
Brayan Rocchio,CLE,607,11.9,13.9,101.0,109.6,36.7,57.7,21.0,32.8,87.7,46.9,69.0,29.8
Walker Jenkins,MIN,93,14.3,12.1,101.6,105.4,36.7,58.7,22.0,25.6,83.2,49.4,70.8,21.5
Eli White,BOS,213,22.2,16.0,103.6,110.2,36.7,57.8,21.1,32.4,84.0,48.4,72.6,31.7
Hunter Goodman,COL,588,42.5,16.0,107.2,116.2,36.7,56.6,19.8,40.3,80.6,42.7,73.5,40.0
Roman Anthony,BOS,258,37.9,14.4,106.5,113.6,36.7,64.3,27.5,23.2,83.9,49.8,55.1,39.8
Jorge Mateo,TB,232,24.0,16.2,104.3,112.2,36.7,56.2,19.5,44.2,81.0,45.5,68.2,42.2
Gabriel Moreno,AZ,555,29.4,19.7,104.5,110.9,36.7,64.3,27.7,28.7,92.1,46.9,55.2,18.6
Evan Carter,TEX,463,18.4,17.5,102.9,108.2,36.7,62.0,25.3,21.5,81.5,50.4,61.4,38.8
Luis Lara,MIL,217,18.9,13.2,102.7,107.7,36.6,62.8,26.3,24.6,89.9,46.6,61.7,18.9
Victor Robles,SEA,158,15.2,15.6,98.7,108.3,36.6,54.9,18.3,36.0,87.5,46.7,75.9,33.6
Luis García Jr.,NYY,565,41.3,12.4,106.6,114.0,36.6,57.8,21.2,38.6,90.5,44.8,70.7,24.3
Otto Kemp,PHI,36,5.0,40.9,92.3,101.5,36.6,59.0,22.4,34.9,85.7,44.5,71.0,42.5
Mike Yastrzemski,ATL,425,26.9,15.0,102.8,107.0,36.6,62.4,25.8,26.6,85.7,49.1,59.3,23.2
Anthony Seigler,BOS,173,10.1,22.2,99.5,104.8,36.6,58.9,22.3,26.4,84.4,49.1,66.4,26.1
Adael Amador,COL,95,26.2,9.7,102.1,108.5,36.6,53.4,16.8,24.7,90.5,51.9,76.6,14.5
Edwin Arroyo,CIN,160,8.2,16.4,100.2,105.1,36.5,51.8,15.3,39.7,84.1,48.3,77.3,32.6
Jesus Rodriguez,SF,62,13.8,17.0,100.6,106.5,36.5,55.6,19.0,33.6,82.4,46.8,72.5,31.6
Jonathan Aranda,TB,684,35.6,19.7,104.1,111.4,36.5,59.5,23.0,29.3,85.2,47.7,66.4,18.9
Jo Adell,CLE,673,37.8,20.2,108.4,116.8,36.5,56.2,19.7,35.5,84.7,46.3,73.7,34.2
Marcelo Mayer,SF,259,22.0,20.1,103.8,110.0,36.5,57.1,20.7,28.7,86.7,47.6,72.4,38.2
Luisangel Acuña,CWS,232,29.2,16.9,104.4,109.8,36.4,57.5,21.1,34.3,85.9,46.3,70.5,33.9
Dominic Canzone,SEA,546,39.2,12.6,106.7,114.7,36.4,61.2,24.8,34.6,85.9,46.8,62.1,32.0
Brady House,WSH,361,36.1,16.9,106.9,113.4,36.4,59.2,22.8,34.3,81.7,45.0,70.6,34.4
Troy Johnston,COL,459,16.5,15.1,102.4,108.2,36.4,56.4,20.0,36.0,87.2,47.8,70.5,25.0
Brooks Lee,MIN,643,19.7,15.1,101.5,108.0,36.4,56.3,19.9,34.9,91.4,47.6,73.4,24.2
Ramón Urías,STL,107,25.5,21.9,103.1,106.8,36.3,57.2,21.0,25.1,83.8,49.1,70.8,26.6
Paul Goldschmidt,NYY,397,26.7,19.5,103.1,109.8,36.3,59.2,22.9,32.0,79.4,48.5,65.6,27.3
Alec Bohm,PHI,650,30.2,15.8,104.6,109.4,36.3,60.3,24.0,25.6,90.4,49.7,66.3,21.0
Yohendrick Piñango,TOR,180,27.7,15.2,106.6,114.8,36.3,58.1,21.9,35.2,83.9,49.1,67.1,30.1
Lars Nootbaar,AZ,334,47.9,12.9,106.3,112.8,36.3,65.9,29.6,20.7,88.3,50.6,53.7,23.4
Graham Pauley,MIA,157,15.0,12.7,100.9,107.9,36.2,60.2,24.0,30.3,87.4,46.9,66.3,27.3
José Tena,WSH,297,45.4,15.4,106.2,114.0,36.2,59.3,23.1,29.3,79.4,47.8,68.2,39.9
César Salazar,HOU,25,0.0,11.8,97.9,101.3,36.2,62.9,26.7,25.4,93.1,43.3,64.4,18.5
Jasson Domínguez,NYY,231,24.2,15.4,105.6,110.8,36.2,57.8,21.6,34.8,87.9,45.6,70.4,30.2
Salvador Perez,KC,634,28.7,17.9,105.4,111.3,36.2,56.8,20.6,44.7,87.8,41.8,72.5,28.7
Ha-Seong Kim,ATL,154,11.1,20.7,101.9,109.0,36.1,62.2,26.2,27.5,87.5,50.1,57.1,21.8
Rafael Devers,SF,641,46.5,17.5,107.3,112.5,36.1,59.5,23.4,30.1,77.5,47.6,66.4,24.6
Yandy Díaz,TB,706,36.5,16.5,106.5,113.7,36.0,58.2,22.3,29.0,91.2,48.9,67.5,12.3
Mark Vientos,NYM,302,31.1,16.6,105.6,110.2,36.0,55.9,19.9,35.4,81.1,47.9,74.6,37.8
Cooper Pratt,MIL,272,13.7,11.1,101.3,106.2,36.0,60.0,24.0,30.1,88.9,49.8,62.7,24.6
Matt Shaw,CHC,218,19.6,18.7,101.4,107.9,36.0,62.5,26.5,32.3,85.9,46.3,61.3,21.0
J.T. Realmuto,PHI,484,27.9,14.8,103.3,111.2,36.0,60.0,24.1,30.1,85.7,48.6,64.8,30.7
Bryson Stott,PHI,629,21.4,14.0,102.8,111.9,36.0,63.8,27.9,30.6,90.3,47.6,55.0,18.5
Charles McAdoo,TOR,107,21.4,21.3,101.5,108.6,35.9,59.7,23.8,32.1,84.6,48.1,67.0,26.7
Drew Millas,WSH,159,14.1,16.2,98.8,106.6,35.9,62.3,26.3,28.6,86.9,48.0,62.2,33.9
Bryan De La Cruz,PHI,105,42.2,16.0,104.0,109.2,35.9,57.2,21.3,30.6,87.8,48.0,67.9,27.9
Kyle Manzardo,CLE,368,24.4,11.1,101.6,110.1,35.9,59.4,23.4,30.7,81.9,47.6,64.2,36.2
Kerry Carpenter,DET,271,24.8,19.9,102.1,110.3,35.9,59.7,23.8,36.0,82.2,45.6,67.4,32.8
Nathaniel Lowe,CLE,441,30.3,17.7,106.5,112.7,35.8,60.0,24.2,27.0,89.5,49.4,65.8,25.5
Bryce Johnson,SD,56,15.0,20.0,95.0,96.4,35.8,62.5,26.7,36.2,72.1,47.0,59.2,38.8
Dillon Dingler,DET,618,26.9,16.6,104.6,110.8,35.8,59.3,23.5,33.2,90.6,47.0,65.0,31.5
Sean Keys,TOR,70,28.6,14.6,103.9,108.5,35.8,56.3,20.5,35.0,85.7,47.5,67.6,35.1
Matt McLain,CIN,506,24.7,22.1,103.2,110.5,35.8,60.2,24.4,26.7,83.9,48.1,63.0,32.2
Otto Lopez,MIA,693,27.2,15.4,104.8,112.8,35.8,60.4,24.6,31.5,91.8,48.8,62.2,25.3
Masataka Yoshida,BOS,307,23.5,13.7,103.0,108.6,35.8,63.2,27.3,28.2,91.6,47.9,58.2,22.5
Scott Bandura,SF,30,0.0,8.3,97.7,100.1,35.8,57.1,21.3,40.9,72.5,48.4,64.5,22.6
Cody Bellinger,NYY,586,21.4,15.6,102.8,109.3,35.7,60.1,24.4,30.6,88.8,48.6,65.4,25.2
Jake Cronenworth,SD,441,18.3,17.4,102.0,108.9,35.7,59.7,24.0,29.1,90.0,48.2,64.1,29.0
Victor Mesa Jr.,TB,265,34.7,19.8,104.6,110.4,35.7,54.4,18.7,35.1,84.0,47.6,77.1,23.9
Juan Brito,CIN,115,19.3,12.3,102.4,107.2,35.7,55.8,20.2,32.1,84.3,49.0,71.9,31.5
Matthew Lugo,KC,15,0.0,25.0,92.8,100.1,35.7,58.8,23.1,40.0,81.2,37.5,76.2,54.5
Jeff McNeil,ATH,527,4.6,16.3,99.8,108.4,35.7,49.6,14.0,36.1,93.2,48.3,84.0,19.5
Tyler Stephenson,CIN,478,37.3,21.5,103.6,111.8,35.7,59.2,23.5,22.1,87.7,50.5,66.8,32.9
Jac Caglianone,KC,559,52.1,9.2,110.3,116.1,35.7,56.9,21.3,39.5,84.6,44.6,73.1,33.3
Victor Caratini,MIN,389,21.5,16.2,101.8,107.2,35.7,63.0,27.3,25.7,90.0,48.8,58.8,37.5
Anthony Volpe,NYY,250,20.0,16.1,102.6,107.2,35.7,59.1,23.3,25.6,84.4,49.5,66.5,25.8
Pete Crow-Armstrong,CHC,742,39.7,15.3,106.5,114.6,35.7,58.3,22.6,34.3,85.1,46.1,68.7,28.0
Gabriel Arias,CHC,160,41.5,14.0,107.8,111.6,35.6,56.2,20.5,36.6,69.2,46.2,70.2,50.6
Spencer Steer,CIN,396,34.1,17.1,102.5,107.2,35.6,59.7,24.0,26.1,86.6,49.0,65.4,24.8
Jose Fernandez,AZ,222,27.1,14.6,104.2,111.5,35.6,63.0,27.4,36.4,87.0,47.0,56.4,34.2
Lourdes Gurriel Jr.,AZ,201,14.3,17.2,101.0,106.1,35.6,59.0,23.3,40.5,91.0,44.7,68.0,34.1
Ben Williamson,TB,296,24.0,17.5,102.5,109.2,35.5,64.1,28.7,31.7,91.2,47.8,55.6,26.8
Josh Jung,TEX,452,31.6,18.9,103.5,110.1,35.5,58.8,23.3,29.1,91.4,48.1,67.1,24.1
Jarren Duran,BOS,622,32.2,15.2,106.6,114.7,35.5,57.8,22.3,34.4,83.8,47.7,69.3,37.6
Hao-Yu Lee,DET,364,34.9,21.5,104.7,112.2,35.5,58.2,22.7,29.1,84.4,48.4,65.9,29.0
Josh Naylor,SEA,655,18.3,14.4,102.4,111.5,35.5,57.2,21.7,38.0,91.1,44.8,69.6,25.1
Carson Benge,NYM,664,24.4,16.0,104.1,109.8,35.5,59.6,24.1,27.9,87.5,49.8,63.6,27.7
Jackson Chourio,MIL,589,43.8,18.9,107.2,113.3,35.5,59.9,24.3,33.5,86.9,47.4,63.5,27.3
Zack Gelof,ATH,435,40.1,17.4,103.9,109.0,35.4,58.2,22.8,25.3,77.5,51.2,67.3,32.0
Ben Ross,MIN,22,10.0,36.4,100.0,100.6,35.4,57.1,21.7,35.4,72.4,47.8,65.9,40.0
Ty France,SD,522,33.7,18.8,104.8,109.6,35.4,53.3,17.8,34.8,86.0,46.4,77.1,27.5
Buddy Kennedy,SF,53,18.5,22.6,99.5,105.7,35.4,59.4,24.0,25.6,83.8,48.3,65.5,35.6
Daylen Lile,WSH,665,25.3,22.4,103.8,109.8,35.3,53.8,18.4,38.5,88.2,46.0,76.2,25.1
Tommy White,ATH,202,15.8,13.3,102.1,108.0,35.3,55.2,19.9,41.0,88.2,46.3,69.5,28.1
Esteury Ruiz,MIA,256,20.6,17.9,101.1,108.0,35.3,58.4,23.0,31.6,76.8,45.8,68.1,34.0
Christian Moore,LAA,147,25.0,14.0,104.6,107.3,35.3,55.7,20.3,31.1,82.4,50.0,70.2,44.0
Jared Triolo,PIT,370,15.6,14.6,102.4,108.6,35.3,61.0,25.7,25.9,87.3,49.7,64.4,27.4
Ivan Johnson,CIN,21,0.0,36.4,101.5,102.3,35.2,59.6,24.4,32.5,81.0,46.7,60.0,55.6
Brandon Valenzuela,TOR,271,24.2,13.4,103.8,111.4,35.2,57.4,22.3,28.5,86.2,48.6,71.4,36.0
Nick Fortes,TB,330,16.1,10.7,103.1,112.7,35.2,57.5,22.2,37.3,87.9,47.0,67.8,28.6
Nicky Lopez,TEX,274,4.4,13.4,97.9,104.7,35.2,54.7,19.5,33.8,86.6,50.9,70.3,20.9
Ryan Waldschmidt,AZ,288,21.8,14.9,102.6,108.6,35.2,60.7,25.5,24.7,82.9,50.1,62.2,42.1
César Prieto,STL,39,11.1,15.6,101.5,108.9,35.2,59.7,24.5,37.7,94.4,45.5,70.6,37.5
Mickey Moniak,COL,444,32.2,15.6,104.3,109.1,35.2,53.1,17.9,43.9,84.8,46.7,76.5,34.3
Jonah Heim,ATH,401,22.4,13.1,102.6,109.1,35.2,58.8,23.6,33.5,86.6,49.0,66.3,23.4
Steven Kwan,CLE,652,1.2,18.4,95.2,102.2,35.2,65.0,29.8,19.4,96.7,50.6,51.1,11.5
Tristan Peters,CWS,509,24.0,14.8,102.4,108.5,35.1,53.7,18.6,32.6,84.8,50.0,74.7,25.6
Willy Adames,SF,511,26.3,16.3,103.2,109.4,35.1,58.4,23.3,31.6,84.0,48.0,66.1,36.6
Cedric Mullins,TB,512,22.8,18.1,102.0,110.4,35.1,56.7,21.6,30.7,83.8,45.6,71.3,22.4
Jonny DeLuca,TB,381,22.4,19.8,104.4,111.1,35.1,56.1,21.0,35.7,88.1,48.1,70.8,29.2
Blaze Alexander,BAL,296,31.9,15.4,103.5,112.9,35.1,51.3,16.2,30.8,83.4,49.5,81.9,30.9
Konnor Griffin,PIT,342,35.8,14.3,106.6,113.2,35.1,58.1,23.0,37.6,83.1,46.8,68.0,34.4
Cam Cauley,TEX,68,21.4,26.7,99.0,107.8,35.1,58.2,23.1,27.0,79.0,50.8,64.3,29.5
Luke Raley,SEA,293,40.0,17.9,105.5,113.8,35.1,55.1,19.9,34.3,73.7,46.0,76.4,47.6
Duke Ellis,NYY,3,0.0,0.0,95.0,96.6,35.0,60.0,25.0,40.0,66.7,44.4,75.0,50.0
Reginald Preciado,CHC,2,0.0,0.0,88.7,88.7,35.0,60.0,25.0,42.9,50.0,22.2,100.0,100.0
Ryan Jackson,SD,5,0.0,40.0,96.6,96.8,35.0,60.0,25.0,28.6,100.0,53.3,62.5,20.0
Ariel Armas,CHC,1,0.0,0.0,93.8,93.8,35.0,75.0,40.0,0.0,100.0,50.0,33.3,0.0
Won-Bin Cho,STL,1,,,,,35.0,60.0,25.0,25.0,100.0,42.9,66.7,50.0
Trent Youngblood,AZ,3,,,,,35.0,60.0,25.0,44.4,0.0,40.0,50.0,66.7
Tyler Tolbert,KC,151,9.0,21.7,101.2,106.8,35.0,56.0,21.0,26.6,78.8,50.1,72.0,40.5
Kristian Campbell,BOS,1,0.0,0.0,85.2,85.2,35.0,60.0,25.0,25.0,50.0,42.9,66.7,0.0
Luis De La Cruz,CLE,2,100.0,0.0,106.0,106.0,35.0,60.0,25.0,25.0,66.7,50.0,75.0,0.0
Drew Bowser,CHC,2,,,,,35.0,60.0,25.0,40.0,100.0,37.5,66.7,100.0
Kyle Teel,CWS,158,27.3,11.5,104.7,112.4,35.0,60.9,25.9,31.1,78.3,44.2,64.1,36.0
Ty Southisene,CHC,5,0.0,50.0,104.0,108.0,35.0,60.0,25.0,50.0,100.0,36.8,71.4,50.0
Nathan Humphreys,PHI,2,,,,,35.0,75.0,40.0,50.0,100.0,50.0,25.0,100.0
Kevin Rivas,CLE,1,,,,,35.0,75.0,40.0,0.0,0.0,50.0,33.3,
Jesús Sánchez,AZ,322,38.4,16.4,106.4,112.3,35.0,56.7,21.7,37.9,81.3,45.9,71.5,29.5
Patrick Bailey,CLE,352,29.9,15.7,103.7,109.5,35.0,57.3,22.3,31.3,85.0,47.8,69.8,31.6
Mookie Betts,LAD,544,17.0,17.2,102.1,108.1,34.9,61.1,26.3,20.1,95.3,50.5,61.6,19.8
Iván Herrera,STL,723,32.0,11.4,105.1,112.3,34.9,61.0,26.1,28.3,88.5,47.9,61.7,28.9
Mauricio Dubón,ATL,646,13.6,18.5,100.6,108.3,34.9,55.2,20.2,38.0,91.2,46.0,72.5,17.8
Joe Mack,MIA,330,36.7,14.5,103.8,109.3,34.9,57.0,22.1,28.0,84.8,49.2,68.7,34.8
J.C. Escarra,NYY,100,20.8,11.1,104.0,112.2,34.9,60.2,25.2,24.2,84.9,48.4,67.7,46.4
Denzer Guzman,LAA,304,20.9,14.0,103.6,110.2,34.9,54.5,19.6,33.6,81.5,49.4,73.4,32.1
Kameron Misner,KC,46,10.5,19.2,98.2,100.2,34.9,52.9,18.0,29.8,68.5,50.5,76.0,45.2
Weston Wilson,SEA,187,26.0,15.0,101.5,110.3,34.9,59.1,24.2,25.6,81.3,48.8,67.0,40.4
Ryan Ritter,COL,32,27.3,5.3,102.7,106.3,34.8,57.0,22.2,24.6,82.2,50.4,72.6,44.4
Jhostynxon Garcia,PIT,54,22.7,23.5,107.4,109.7,34.8,53.5,18.7,45.6,73.5,45.8,78.2,45.3
Masyn Winn,STL,539,19.4,16.5,103.3,108.5,34.7,62.2,27.5,23.8,86.7,49.9,58.2,29.3
José Caballero,NYY,467,16.0,12.7,100.7,108.5,34.7,57.2,22.5,36.7,80.4,46.1,67.7,30.6
Derek Hill,PHI,227,27.0,19.3,103.0,109.8,34.6,57.7,23.1,34.6,76.6,47.3,70.2,38.1
Ryan O'Hearn,PIT,460,31.1,16.6,102.6,108.1,34.6,59.4,24.8,31.5,87.9,48.0,63.9,29.6
Javier Báez,DET,205,22.7,7.9,102.9,108.6,34.6,59.8,25.2,47.0,81.1,42.4,66.1,34.7
Osleivis Basabe,SF,143,17.2,11.9,102.4,109.6,34.5,61.0,26.5,34.5,83.5,48.3,59.0,26.1
Daniel Schneemann,CLE,295,28.2,13.1,102.8,108.2,34.5,57.2,22.6,33.4,85.4,48.8,67.3,36.1
Jazz Chisholm Jr.,NYY,549,33.3,12.2,104.2,112.4,34.5,60.2,25.7,29.3,79.5,46.8,64.2,36.3
Tommy Pham,CWS,38,57.1,25.0,106.1,108.8,34.5,61.0,26.4,21.9,81.2,51.7,61.5,43.8
David Hamilton,MIL,396,13.4,17.9,100.5,109.9,34.4,59.0,24.6,29.9,84.4,49.4,62.0,30.0
Alek Thomas,LAD,130,33.3,22.8,104.2,109.2,34.4,55.5,21.1,41.1,86.7,46.9,72.8,27.4
Travis d'Arnaud,LAA,88,27.3,17.0,100.2,104.2,34.3,57.6,23.3,34.4,78.8,50.9,66.9,40.9
Nick Gonzales,PIT,616,21.6,16.4,101.9,109.7,34.3,54.7,20.4,31.5,87.9,48.1,75.4,27.7
Cole Young,SEA,649,22.0,13.3,104.0,111.3,34.3,57.5,23.2,30.2,87.7,48.7,66.8,22.0
Jimmy Crooks,STL,149,39.7,20.9,105.0,109.8,34.3,59.0,24.6,36.3,78.0,45.0,66.1,46.7
Amed Rosario,NYY,257,33.9,16.9,105.8,112.1,34.2,56.8,22.5,40.4,85.5,46.0,72.7,31.5
James McCann,AZ,170,35.4,20.0,106.2,110.1,34.2,58.1,23.9,39.4,87.0,47.8,64.3,38.9
Michael Conforto,CHC,325,36.7,13.8,104.4,113.9,34.2,58.7,24.5,27.1,87.6,47.8,65.0,35.7
Brice Matthews,HOU,238,32.6,11.2,104.9,111.1,34.2,58.3,24.1,24.9,74.8,49.2,67.6,40.9
Alejandro Kirk,TOR,320,24.8,14.6,103.9,109.7,34.1,61.0,27.0,29.3,92.5,49.6,58.5,18.5
Enrique Hernández,LAD,96,27.5,19.4,103.8,107.5,34.1,54.4,20.4,33.1,87.7,48.8,73.1,31.9
Sebastián Rivero,LAA,63,14.3,19.1,101.1,106.3,34.1,53.3,19.3,42.0,88.6,45.9,75.2,26.2
Nick Castellanos,SD,130,23.8,13.6,102.4,108.7,34.0,53.5,19.5,41.0,78.7,45.0,78.0,41.8
Eric Brown Jr.,MIL,4,100.0,100.0,106.2,106.2,33.9,62.5,28.6,60.0,66.7,37.5,50.0,71.4
Eli Lovich,CHC,3,,0.0,73.1,73.1,33.9,62.5,28.6,37.5,66.7,38.5,60.0,50.0
Brandon Marsh,PHI,582,29.6,16.5,103.4,110.1,33.9,56.0,22.1,36.0,88.7,47.7,69.1,32.4
Omar Martinez,LAA,3,0.0,0.0,97.4,99.6,33.9,62.5,28.6,28.6,100.0,41.7,60.0,
Brett Harris,SF,51,25.0,3.4,101.1,103.6,33.8,61.1,27.3,22.8,80.0,47.7,65.2,30.6
Ernie Clement,TOR,628,5.4,16.2,98.1,109.7,33.8,54.3,20.6,44.6,92.2,46.9,72.2,21.3
Jake McCarthy,COL,610,18.0,13.8,102.2,110.4,33.8,52.4,18.6,38.4,87.6,46.8,79.1,28.6
Jared Serna,MIA,32,7.1,9.5,98.4,109.2,33.8,54.9,21.1,31.1,83.7,48.7,74.1,33.3
Tyler Freeman,COL,288,19.2,14.5,101.9,110.2,33.7,55.5,21.7,30.0,91.9,48.9,72.0,17.0
Eduardo Valencia,DET,140,39.7,11.1,104.9,112.4,33.7,54.1,20.4,35.1,82.0,48.5,71.9,29.4
Jacob Young,WSH,479,19.6,18.1,103.1,110.1,33.6,60.6,27.0,27.4,87.0,49.6,60.3,28.5
Daniel Susac,SF,166,13.5,15.1,101.9,105.1,33.6,54.9,21.4,42.2,88.5,45.7,73.0,33.3
Ronny Mauricio,NYM,62,44.0,15.4,107.7,111.3,33.6,55.2,21.6,50.8,85.7,44.5,71.4,39.4
Rowdy Tellez,ATL,11,42.9,42.9,105.8,105.9,33.5,64.5,31.0,29.6,80.0,48.1,60.0,50.0
Ryan McMahon,NYY,376,37.8,19.2,105.9,110.9,33.5,58.4,25.0,28.4,84.2,49.5,63.2,38.3
Yainer Diaz,HOU,373,31.5,13.2,104.8,110.3,33.5,54.5,21.0,41.2,90.7,46.8,73.8,22.1
Chase Meidroth,CWS,665,19.1,13.4,100.6,110.2,33.4,61.9,28.5,29.1,86.8,49.2,55.2,25.1
Michael Stefanic,ATH,38,16.7,3.7,98.7,102.0,33.4,62.1,28.7,25.0,92.5,52.0,58.2,14.8
Kody Clemens,MIN,592,37.7,17.8,104.8,108.2,33.4,57.1,23.7,32.5,85.4,48.5,68.0,25.8
Wyatt Young,NYM,1,,,,,33.3,100.0,66.7,50.0,,50.0,0.0,
AJ Salgado,NYM,3,66.7,0.0,108.6,110.1,33.3,50.0,16.7,16.7,100.0,53.8,85.7,16.7
PJ Morlando,MIA,1,,,,,33.3,33.3,0.0,66.7,100.0,25.0,100.0,100.0
Darell Morel,PIT,1,,0.0,97.3,97.3,33.3,66.7,33.3,0.0,100.0,60.0,66.7,0.0
George Wolkow,CWS,1,,,,,33.3,33.3,0.0,33.3,50.0,57.1,100.0,50.0
Jay Beshears,MIA,3,0.0,0.0,96.0,98.4,33.3,66.7,33.3,40.0,75.0,58.3,57.1,66.7
Paul McIntosh,PHI,1,100.0,0.0,100.2,100.2,33.3,66.7,33.3,0.0,100.0,50.0,50.0,
Brendan Summerhill,TB,2,0.0,100.0,92.0,94.9,33.3,33.3,0.0,50.0,100.0,50.0,100.0,
Jaime Ferrer,MIN,1,,,,,33.3,33.3,0.0,0.0,66.7,75.0,100.0,50.0
Nate Baez,BOS,1,,,,,33.3,66.7,33.3,0.0,100.0,50.0,50.0,
José Pirela,CLE,1,,,,,33.3,100.0,66.7,50.0,,50.0,0.0,
Leonel Espinoza,CHC,2,0.0,50.0,87.8,90.4,33.3,33.3,0.0,0.0,100.0,80.0,100.0,0.0
Randy Martinez,CLE,2,0.0,50.0,81.8,81.8,33.3,33.3,0.0,50.0,100.0,50.0,100.0,
Austin Gauthier,LAD,1,,,,,33.3,100.0,66.7,0.0,100.0,50.0,50.0,
Jung Hoo Lee,SF,585,10.8,15.1,100.8,107.6,33.3,58.1,24.7,30.9,94.8,50.3,64.1,11.7
Chase Harlan,LAD,4,,0.0,104.9,106.5,33.3,66.7,33.3,44.4,100.0,40.0,33.3,100.0
Drew Waters,KC,5,,0.0,91.1,92.1,33.3,50.0,16.7,50.0,80.0,37.5,83.3,42.9
Tyler Hardman,NYY,1,,,,,33.3,66.7,33.3,33.3,0.0,40.0,50.0,100.0
Tyrone Taylor,CHC,249,23.2,12.6,102.7,109.8,33.3,58.5,25.2,34.8,89.5,48.9,63.6,24.5
David Bañuelos,MIN,4,100.0,0.0,100.0,102.4,33.3,33.3,0.0,50.0,100.0,42.9,100.0,
Raylin Heredia,PHI,1,,,,,33.3,33.3,0.0,75.0,100.0,20.0,100.0,50.0
Eric Yang,CHC,2,0.0,50.0,82.4,83.7,33.3,66.7,33.3,0.0,100.0,71.4,80.0,0.0
Zavier Warren,CIN,1,0.0,0.0,95.6,95.6,33.3,33.3,0.0,0.0,50.0,66.7,100.0,0.0
Tommy Sacco Jr.,HOU,1,,,,,33.3,66.7,33.3,0.0,50.0,60.0,66.7,100.0
Daniel Vazquez,KC,2,0.0,50.0,107.7,109.3,33.3,66.7,33.3,33.3,100.0,40.0,50.0,0.0
Daulton Varsho,HOU,533,22.8,15.4,103.5,110.4,33.3,55.2,22.0,36.5,87.0,46.3,72.3,23.8
Lamar King Jr.,SD,1,,,,,33.3,66.7,33.3,50.0,0.0,33.3,50.0,100.0
Joshua Mears,SD,1,,0.0,77.2,77.2,33.3,33.3,0.0,0.0,100.0,66.7,100.0,0.0
Brett Squires,KC,2,0.0,0.0,97.8,97.8,33.3,33.3,0.0,33.3,75.0,57.1,100.0,0.0
Kodey Shojinaga,PHI,1,,0.0,46.8,46.8,33.3,66.7,33.3,33.3,100.0,40.0,50.0,0.0
Trey Mancini,LAA,21,20.0,6.7,101.7,106.0,33.3,50.0,16.7,34.3,80.0,51.4,81.1,18.2
Garrett Howe,CLE,2,,0.0,99.7,99.7,33.3,66.7,33.3,0.0,100.0,50.0,50.0,
Carter Dorighi,SEA,1,,,,,33.3,66.7,33.3,0.0,0.0,50.0,50.0,100.0
Jefferson Rojas,CHC,4,0.0,25.0,96.3,97.2,33.3,33.3,0.0,0.0,100.0,71.4,100.0,0.0
Nick Raposo,SEA,1,0.0,100.0,95.2,95.2,33.3,66.7,33.3,33.3,,25.0,0.0,
Alec Briley,CWS,2,100.0,0.0,100.0,105.8,33.3,33.3,0.0,0.0,100.0,75.0,100.0,0.0
Eric Haase,SF,84,39.4,20.4,103.4,108.1,33.3,59.7,26.4,36.3,75.3,46.2,63.3,50.7
Scott Kingery,CHC,13,33.3,11.1,93.9,106.6,33.3,66.7,33.3,42.9,81.8,44.0,50.0,42.9
Derik Alcantara,CHC,1,,,,,33.3,66.7,33.3,33.3,0.0,40.0,50.0,100.0
Eddys Leonard,SF,8,20.0,16.7,94.4,106.7,33.2,52.0,18.8,45.5,75.0,42.1,75.0,42.9
Freddy Fermin,SD,269,14.3,14.5,100.4,104.9,33.2,55.1,22.0,34.1,86.6,47.2,71.9,35.3
Pavin Smith,AZ,133,28.3,20.4,103.6,109.7,33.2,58.8,25.6,28.0,87.1,50.7,60.8,31.4
Orlando Arcia,MIN,60,14.8,8.3,99.4,106.9,33.2,55.6,22.3,36.0,87.3,47.0,70.3,17.8
Nelson Velázquez,HOU,119,55.6,13.0,108.0,113.2,33.1,56.5,23.5,31.1,78.8,49.6,67.5,43.5
Blake Perkins,MIL,101,20.5,23.5,101.5,106.4,33.1,60.6,27.4,28.9,82.4,48.0,59.2,22.6
Sal Frelick,MIL,393,9.0,14.0,101.4,107.2,33.1,60.2,27.0,25.2,95.8,51.1,59.7,10.4
Casey Schmitt,SF,413,33.9,17.4,104.7,112.3,33.0,54.1,21.2,36.0,90.5,49.7,71.4,29.6
Samad Taylor,SD,178,11.8,13.4,98.7,104.2,33.0,60.9,27.9,31.1,80.6,47.9,59.2,33.8
Shay Whitcomb,SF,124,28.3,25.0,104.9,107.9,33.0,57.7,24.7,34.4,91.5,47.6,64.8,34.7
Rafael Marchán,PHI,101,6.5,11.7,97.6,103.7,32.9,57.6,24.8,31.8,92.5,50.1,65.8,24.7
Trevor Story,BOS,283,24.6,14.4,103.5,109.6,32.9,56.2,23.2,42.7,79.5,46.6,69.7,34.0
Tyler Locklear,AZ,42,37.5,7.1,104.1,111.5,32.9,52.7,19.8,27.1,80.6,50.3,72.1,18.6
Bryan Torres,STL,189,8.6,10.2,98.2,104.7,32.9,59.5,26.6,27.0,86.7,50.0,61.6,24.2
Victor Scott II,STL,201,8.5,12.0,99.3,106.3,32.9,55.5,22.6,22.7,83.9,52.9,69.2,31.9
Thomas Saggese,STL,187,36.6,19.2,104.8,111.0,32.9,56.2,23.4,35.1,83.5,47.9,68.3,29.4
Ryan Mountcastle,BAL,21,40.0,21.4,108.2,111.0,32.8,52.8,20.0,39.5,82.8,46.9,76.3,34.6
Rodolfo Durán,SD,96,27.0,14.8,103.3,108.3,32.8,60.0,27.2,31.3,84.3,47.4,61.4,36.2
Heliot Ramos,NYY,451,51.7,15.3,107.9,112.2,32.6,56.4,23.8,33.6,85.9,47.9,68.9,29.1
Caleb Durbin,BOS,606,10.9,13.2,100.0,107.9,32.6,58.9,26.4,28.5,89.0,49.4,64.6,22.1
Andruw Monasterio,BOS,361,14.3,20.7,101.1,107.5,32.6,56.3,23.6,27.2,89.3,51.4,66.5,25.2
Ke'Bryan Hayes,CIN,252,28.1,25.0,104.1,108.8,32.6,59.6,26.9,30.2,90.6,49.1,62.2,29.0
Blaze Jordan,STL,199,28.3,11.9,103.3,110.2,32.6,53.6,21.0,35.7,87.7,49.3,73.4,25.3
Brandon Nimmo,TEX,666,39.9,14.7,105.6,110.6,32.6,54.3,21.7,28.9,85.4,51.2,72.4,24.8
Nasim Nuñez,WSH,506,5.5,15.2,99.7,109.7,32.6,56.2,23.6,25.5,85.7,50.0,68.2,24.6
Oswald Peraza,LAA,376,27.3,9.8,104.5,112.8,32.5,53.6,21.1,38.2,85.1,47.2,74.1,37.2
Lazaro Montes,SEA,59,47.8,21.4,106.5,116.1,32.5,56.9,24.4,26.8,71.3,49.6,69.6,43.5
Kahlil Watson,CLE,91,28.9,12.5,102.8,105.7,32.5,53.0,20.5,35.3,77.0,49.0,73.5,35.7
Justin Foscue,TEX,253,27.4,17.5,103.7,111.0,32.4,57.4,25.1,28.3,88.0,52.4,62.7,23.5
Bryce Teodosio,LAA,85,13.8,24.0,99.9,107.2,32.3,53.6,21.4,37.0,72.8,49.3,72.5,44.8
Brenton Doyle,CWS,241,33.0,9.3,104.3,109.8,32.3,53.0,20.7,33.9,84.7,50.5,73.8,41.7
Nico Hoerner,CHC,707,8.7,16.4,99.7,108.9,32.3,58.6,26.3,33.5,95.2,50.0,61.9,18.7
Adam Frazier,LAA,156,7.4,10.2,97.8,104.1,32.3,54.4,22.1,34.1,86.7,50.2,68.9,34.7
Jake Meyers,HOU,159,16.9,21.4,100.9,106.5,32.3,54.1,21.9,32.5,89.0,49.2,72.2,32.5
Dylan Crews,WSH,443,31.2,15.2,105.5,112.3,32.3,54.5,22.2,32.1,84.1,47.4,73.4,43.9
Zach McKinstry,DET,431,8.1,18.5,99.6,106.0,32.2,56.3,24.1,28.1,92.5,51.8,67.1,23.6
Lenyn Sosa,TOR,124,19.7,25.0,103.8,107.7,32.2,56.9,24.8,50.2,88.9,41.9,64.9,23.3
Jared Oliva,SF,11,33.3,11.1,103.2,105.4,32.0,58.3,26.3,31.6,85.7,51.3,70.0,60.0
Andrew Pinckney,WSH,29,50.0,29.4,109.6,110.9,32.0,61.6,29.7,18.5,77.1,50.5,63.6,42.1
Jacob Gonzalez,PIT,229,29.3,14.3,103.5,109.6,31.9,52.5,20.6,37.9,85.4,49.3,73.6,20.4
Emil Morales,LAD,4,50.0,0.0,101.7,104.3,31.9,46.2,14.3,45.5,83.3,38.9,85.7,75.0
Tyler Callihan,PIT,108,20.4,18.6,100.5,107.3,31.9,50.2,18.2,33.9,75.9,49.1,77.1,34.6
Vaughn Grissom,LAA,474,23.5,17.2,102.9,110.0,31.9,57.2,25.4,31.3,89.7,50.1,66.3,26.1
Patrick Clohisy,ATL,5,0.0,25.0,96.5,100.5,31.9,46.2,14.3,0.0,66.7,62.5,90.0,25.0
Colby Thomas,ATH,127,30.6,21.2,104.7,108.7,31.8,49.5,17.7,43.0,85.6,47.3,80.2,36.4
Miguel Andujar,SD,265,26.1,10.0,105.5,109.0,31.8,54.6,22.7,40.0,89.8,48.3,68.7,25.1
Jacob Wilson,ATH,344,10.7,12.9,99.6,105.6,31.7,53.5,21.8,42.0,93.6,48.4,70.4,15.9
Christian Encarnacion-Strand,BAL,213,39.6,14.0,105.7,111.8,31.7,51.3,19.6,46.4,82.7,46.1,75.9,33.8
Ildemaro Vargas,AZ,498,16.1,12.3,102.9,111.0,31.7,58.0,26.3,39.0,91.4,47.4,63.4,20.0
Joey Ortiz,MIL,427,24.2,14.1,104.8,112.2,31.6,60.5,28.9,32.8,90.7,48.8,57.8,26.9
Josh Lowe,LAA,356,26.4,17.4,103.4,109.6,31.6,51.9,20.2,36.4,73.9,47.6,77.0,33.1
Brandon Drury,KC,4,33.3,25.0,102.7,104.3,31.6,53.8,22.2,0.0,71.4,62.5,70.0,0.0
Paul DeJong,NYY,10,42.9,11.1,108.8,111.2,31.6,53.8,22.2,17.6,80.0,52.8,78.9,14.3
Ezequiel Duran,TEX,602,28.6,19.2,104.2,111.5,31.6,54.8,23.2,35.5,85.3,47.0,70.2,31.2
Caleb Roberts,AZ,3,0.0,50.0,66.7,67.9,31.6,53.8,22.2,36.4,100.0,38.9,71.4,0.0
Yohel Pozo,BAL,68,9.8,21.1,101.1,109.5,31.5,53.6,22.1,50.8,92.3,45.6,71.6,25.9
Felix Reyes,PHI,38,22.2,10.3,108.2,110.3,31.5,58.1,26.5,52.9,96.9,40.7,66.7,37.8
Myles Straw,TOR,335,8.0,19.1,99.5,108.3,31.5,60.4,29.0,23.5,90.8,50.9,57.7,19.5
Petey Halpin,CLE,195,11.2,16.1,101.1,107.3,31.5,50.2,18.8,38.4,83.3,47.7,81.3,20.9
Michael Harris II,ATL,648,41.3,13.6,107.7,114.9,31.5,54.8,23.3,45.2,90.8,45.4,70.2,28.8
Garrett Hampson,CIN,7,0.0,20.0,104.1,111.4,31.4,60.0,28.6,16.7,70.0,47.1,62.5,50.0
Christian Vázquez,HOU,270,7.8,19.7,99.4,107.4,31.4,58.3,27.0,36.7,90.3,47.0,61.3,29.5
Harrison Bader,SF,111,25.0,15.1,103.1,109.3,31.4,55.4,24.0,38.7,80.9,48.5,69.1,46.0
Jonah Cox,SF,169,26.8,17.2,102.3,104.7,31.4,53.5,22.1,33.8,70.2,50.3,71.0,38.9
Bo Bichette,NYM,704,32.8,18.3,105.4,114.9,31.3,56.1,24.8,40.8,91.4,46.0,67.4,24.8
Sam Haggerty,TEX,53,0.0,21.2,95.6,105.5,31.3,52.2,20.9,31.9,81.9,52.6,71.3,47.8
LuJames Groover,AZ,54,16.7,19.4,102.4,105.8,31.2,60.1,28.9,19.8,95.6,53.8,60.7,23.7
Pedro Ramírez,CHC,272,24.2,12.5,104.2,109.3,31.2,56.4,25.2,33.3,89.6,48.2,68.5,25.6
Christopher Morel,NYM,110,25.0,13.6,103.8,114.6,31.1,58.0,26.9,33.5,75.4,47.7,65.3,45.5
Brian Serven,ATH,90,22.5,11.3,103.4,108.6,31.1,56.5,25.4,31.9,77.6,51.6,66.7,32.8
Tristan Gray,MIN,197,29.1,14.8,104.9,111.3,31.1,52.7,21.5,39.0,80.2,47.9,74.2,44.5
Joshua Kuroda-Grauer,ATH,78,15.8,6.3,103.8,109.2,31.0,54.4,23.4,40.7,89.4,49.8,67.6,21.9
Elias Díaz,TEX,237,28.4,21.0,105.8,112.0,31.0,52.7,21.7,37.8,83.5,48.7,72.9,34.1
Rafael Flores Jr.,PIT,165,38.2,11.7,105.7,110.2,31.0,59.7,28.7,27.5,79.9,52.0,61.1,35.0
Eliezer Alfonzo,LAD,34,9.5,10.0,102.6,108.2,31.0,50.6,19.6,33.9,95.7,51.7,76.7,26.3
Justin Crawford,PHI,480,23.7,11.1,101.7,109.2,30.9,54.5,23.6,37.5,88.8,49.5,69.3,18.1
Jase Bowen,SD,111,41.7,11.5,105.5,114.6,30.9,59.5,28.6,43.5,73.7,45.6,63.0,51.0
Patrick Wisdom,SEA,50,45.5,34.6,105.3,109.3,30.9,51.6,20.7,40.4,72.7,49.5,71.7,51.4
Hyeseong Kim,LAD,135,4.8,13.3,99.4,103.9,30.8,56.3,25.5,29.5,87.8,51.1,65.2,32.5
Randal Grichuk,CWS,295,37.7,18.3,107.6,113.6,30.8,54.3,23.5,36.1,89.3,48.6,70.2,33.2
Zach Dezenzo,HOU,83,34.5,18.2,102.2,110.5,30.8,61.0,30.2,34.3,73.7,48.3,59.0,41.5
Michael Massey,KC,452,24.0,10.7,102.6,108.4,30.7,54.7,24.0,38.8,88.6,48.7,68.9,24.8
Colt Emerson,SEA,241,20.2,18.4,102.1,108.9,30.7,54.4,23.7,38.9,78.3,48.2,69.4,32.7
Dylan Carlson,CHC,17,20.0,0.0,104.9,107.3,30.6,61.4,30.8,20.0,70.0,53.8,57.1,30.8
Kevin Alcántara,CHC,37,21.4,19.0,101.7,106.1,30.6,62.0,31.3,32.1,67.5,47.3,57.1,53.3
Carlos Narváez,BAL,293,32.3,19.7,103.7,110.6,30.6,53.9,23.3,32.6,78.3,49.4,70.3,35.8
Chandler Simpson,TB,625,0.4,14.3,96.5,106.8,30.6,56.8,26.2,31.2,91.7,51.4,65.3,19.4
Keibert Ruiz,WSH,361,13.8,11.1,101.6,108.7,30.6,55.1,24.4,38.3,94.0,50.0,66.9,18.1
Kaelen Culpepper,MIN,128,14.5,14.6,100.9,108.4,30.4,55.2,24.8,42.8,90.1,46.2,67.0,31.4
Tyler Black,MIL,28,18.2,20.0,96.2,99.5,30.4,54.8,24.4,32.0,83.3,48.5,76.6,23.5
Junior Perez,CWS,36,37.5,19.0,105.8,106.7,30.4,52.5,22.1,28.8,73.1,52.5,71.2,50.0
Connor Wong,BOS,245,30.5,15.2,105.4,110.5,30.3,57.5,27.2,32.3,88.0,48.9,65.0,34.6
Ronny Simon,PIT,68,23.7,9.4,104.6,109.4,30.3,50.0,19.7,40.0,90.1,47.0,73.4,21.7
Nathan Church,STL,477,13.9,17.6,101.7,110.1,30.3,52.9,22.6,42.1,84.8,46.5,72.3,22.2
Vidal Bruján,NYM,21,0.0,11.8,94.3,100.3,30.1,54.3,24.2,21.9,88.9,52.2,77.1,7.1
Angel Martínez,CLE,431,27.4,13.6,104.6,111.3,30.1,56.1,26.1,42.9,89.5,47.5,66.5,24.3
Jose Siri,LAA,251,39.4,18.4,106.0,113.2,30.0,55.1,25.2,40.2,76.1,46.6,69.1,43.6
Max Anderson,DET,4,50.0,0.0,102.5,105.5,30.0,50.0,20.0,60.0,66.7,28.6,75.0,33.3
Francisco Acuna,SD,3,100.0,0.0,105.6,105.6,30.0,80.0,50.0,0.0,100.0,60.0,33.3,0.0
Joan Delgado,CHC,3,0.0,0.0,94.4,98.3,30.0,50.0,20.0,42.9,50.0,41.7,80.0,100.0
Ethan Workinger,ATL,2,0.0,0.0,79.0,79.0,30.0,50.0,20.0,20.0,75.0,50.0,80.0,
Matt Vierling,DET,299,22.2,22.3,103.0,111.3,29.9,57.3,27.4,32.0,90.6,50.6,63.3,18.8
Tsung-Che Cheng,BOS,44,18.8,3.8,101.8,102.4,29.8,56.9,27.1,29.3,76.8,50.3,67.5,34.3
Brett Bateman,TOR,181,4.3,9.6,98.8,102.7,29.7,60.2,30.5,28.3,92.7,50.0,56.9,20.8
Victor Bericoto,SF,121,30.8,15.9,104.9,108.7,29.7,55.3,25.6,41.7,87.3,44.8,71.4,41.4
Javier Sanoja,MIA,496,13.8,12.9,101.9,108.4,29.6,55.0,25.4,39.8,92.5,47.9,66.3,14.9
Jeremiah Jackson,BAL,298,36.2,15.3,105.5,110.9,29.6,50.3,20.6,36.4,83.8,50.1,76.5,35.8
Sean Murphy,ATL,128,45.5,11.5,105.5,111.3,29.6,56.3,26.6,32.9,81.8,48.7,67.4,57.3
Emmanuel Rodriguez,MIN,48,33.3,10.3,107.1,111.1,29.5,55.8,26.4,33.3,80.7,49.4,64.8,48.9
Christian Koss,SF,226,9.5,14.5,100.6,108.7,29.5,54.0,24.5,39.5,80.5,47.1,71.4,42.3
Miles Mastrobuoni,SEA,30,0.0,5.6,98.9,101.0,29.5,62.3,32.8,27.5,89.7,52.3,51.8,45.5
Jace LaViolette,CLE,5,66.7,0.0,110.0,110.8,29.4,64.7,35.3,9.1,100.0,54.2,46.2,0.0
Starling Marte,KC,173,35.7,13.7,105.6,109.2,29.3,52.4,23.1,35.4,84.0,50.7,70.3,34.4
Brett Sullivan,COL,243,9.8,13.9,100.6,108.1,29.2,52.9,23.7,33.5,90.2,51.1,70.0,18.9
Deyvison De Los Santos,MIA,43,16.7,16.1,106.1,109.3,29.2,59.4,30.2,40.0,91.5,46.7,59.5,41.3
Jesus Valdez,AZ,6,50.0,0.0,99.0,99.7,29.2,69.2,40.0,40.0,80.0,42.3,45.5,80.0
Brandon Lockridge,MIL,119,27.3,9.9,104.7,110.4,29.1,56.8,27.7,32.4,83.1,50.4,60.4,31.8
CJ Kayfus,CLE,36,31.6,21.7,103.5,106.6,29.0,50.5,21.4,31.2,80.0,46.7,78.6,59.3
Brett Callahan,DET,80,37.1,17.8,104.9,111.0,28.9,48.9,20.0,40.1,88.6,48.7,77.8,32.4
Alejandro Osuna,TEX,238,14.6,15.4,102.4,108.3,28.9,55.2,26.3,32.9,88.7,50.1,64.3,18.4
Nick Allen,HOU,171,6.0,14.3,100.2,106.6,28.9,54.9,26.0,28.5,84.1,51.6,65.7,27.4
Spencer Bramwell,MIA,2,0.0,0.0,96.4,96.4,28.8,45.5,16.7,25.0,83.3,42.9,100.0,
Nathan Lukes,TOR,458,10.8,15.0,99.8,107.5,28.8,55.6,26.8,34.0,88.8,49.7,66.3,17.0
Ralphy Velazquez,CLE,3,50.0,66.7,105.2,105.7,28.6,28.6,0.0,100.0,100.0,77.8,71.4,0.0
Michael Toglia,CIN,30,38.5,25.0,101.8,108.3,28.5,58.7,30.2,22.6,86.8,53.1,63.3,42.9
Kyle Isbel,KC,331,18.5,16.5,103.6,109.5,28.5,57.6,29.2,35.2,92.4,48.8,61.5,24.7
Cody Freeman,TEX,97,0.0,11.3,98.3,104.5,28.4,60.1,31.7,29.3,89.5,50.4,56.7,20.4
Alex Jackson,MIN,79,21.9,8.0,103.5,108.6,28.3,50.8,22.5,40.9,83.3,50.0,72.5,31.5
Carlos Jorge,CIN,52,4.0,17.1,96.2,101.7,28.2,49.2,21.0,35.2,71.1,51.9,77.6,28.6
Eduardo Quintero,LAD,6,0.0,33.3,81.0,81.1,28.2,61.5,33.3,50.0,100.0,41.7,50.0,20.0
Eric Wagaman,NYM,56,18.2,10.8,106.9,110.1,28.0,59.6,31.6,28.8,72.2,48.8,60.5,26.8
Cavan Biggio,HOU,8,0.0,0.0,93.1,94.6,28.0,64.0,36.0,20.0,90.0,48.7,52.6,25.0
Oliver Dunn,TB,12,50.0,12.5,101.4,101.6,27.9,55.2,27.3,28.6,71.4,50.0,66.7,20.0
Shawn Ross,PIT,7,25.0,0.0,105.7,110.6,27.7,57.1,29.4,21.4,77.8,51.7,60.0,33.3
Andrés Giménez,TOR,515,15.0,17.1,100.4,108.9,27.6,51.0,23.4,43.4,83.5,47.9,73.3,28.1
Heston Kjerstad,BAL,19,0.0,10.0,95.2,97.2,27.5,52.5,25.0,42.4,91.3,49.2,71.9,42.1
Jake Mangum,PIT,487,15.6,12.5,100.9,107.1,27.4,51.3,23.9,45.2,85.1,46.7,73.3,20.6
Parker Meadows,DET,45,11.1,18.8,99.4,107.8,27.2,58.4,31.2,28.0,89.3,47.8,65.9,25.6
Alika Williams,ATH,238,13.3,15.7,102.1,107.6,27.2,53.9,26.7,36.4,88.3,50.6,68.6,32.4
Zach Cole,HOU,59,36.4,6.1,107.2,113.9,27.1,58.3,31.2,27.2,65.8,49.6,61.8,47.3
Dairon Blanco,TEX,3,0.0,100.0,91.7,91.7,27.0,55.6,28.6,16.7,60.0,53.8,71.4,0.0
Alex Madera,CHC,3,,0.0,100.5,102.5,27.0,55.6,28.6,16.7,75.0,50.0,66.7,0.0
Corey Julks,DET,7,0.0,0.0,96.4,96.4,27.0,55.6,28.6,23.1,100.0,48.0,66.7,16.7
Bryce Arnold,CLE,2,,,,,27.0,55.6,28.6,16.7,40.0,53.8,71.4,50.0
Michael Helman,TEX,41,8.7,29.0,93.9,104.6,26.9,47.3,20.4,45.1,79.2,47.0,76.2,25.6
Ryan Ward,LAD,60,17.9,18.9,105.7,108.4,26.9,51.4,24.6,32.1,83.5,46.8,77.1,11.8
Edgar Alvarez,CHC,4,0.0,33.3,85.3,86.3,26.7,60.0,33.3,50.0,100.0,55.6,50.0,0.0
Payton Henry,NYY,6,100.0,16.7,105.6,107.1,26.7,60.0,33.3,28.6,80.0,56.2,55.6,0.0
Mike Boeve,MIL,3,0.0,50.0,96.0,96.1,26.7,66.7,40.0,42.9,100.0,53.3,25.0,20.0
Ali Sánchez,NYY,93,8.3,14.1,100.7,106.6,26.6,53.0,26.5,34.6,85.6,51.0,65.4,25.0
Luis Arraez,PHI,661,2.7,19.2,97.0,104.4,26.4,55.4,29.0,33.0,94.3,51.6,63.2,7.7
Ceddanne Rafaela,BOS,595,17.9,18.6,101.3,109.9,26.4,50.8,24.4,45.7,84.5,47.0,72.0,26.8
Collin Price,HOU,13,16.7,16.7,101.1,104.2,26.3,55.9,29.6,32.1,70.6,47.2,68.0,62.5
Jerar Encarnacion,SF,39,29.4,17.2,103.9,112.3,26.2,56.3,30.1,43.5,96.3,48.0,63.5,19.2
Jose F Miranda,SD,7,0.0,0.0,101.8,102.6,26.1,53.3,27.3,38.5,100.0,45.8,72.7,42.9
James Triantos,CHC,13,0.0,22.2,95.2,98.2,25.5,51.9,26.3,36.8,100.0,52.5,66.7,28.6
Blake Dunn,CIN,155,17.8,14.3,105.5,108.9,25.2,55.8,30.6,28.7,88.8,51.0,64.2,33.6
Breyson Guedez,ATH,2,,0.0,104.4,104.4,25.0,25.0,0.0,0.0,50.0,80.0,100.0,0.0
Bryant Betancourt,COL,2,100.0,0.0,100.3,101.0,25.0,25.0,0.0,0.0,100.0,75.0,100.0,0.0
Brady O'Brien,SEA,2,,0.0,109.5,110.1,25.0,25.0,0.0,,66.7,100.0,75.0,0.0
Druw Jones,AZ,3,100.0,0.0,104.9,104.9,25.0,50.0,25.0,40.0,100.0,44.4,75.0,100.0
Robert Moore,PHI,1,,,,,25.0,50.0,25.0,25.0,50.0,42.9,66.7,0.0
Mike Sirota,LAD,2,,0.0,108.0,108.0,25.0,100.0,75.0,0.0,100.0,83.3,40.0,0.0
Jean Walters,AZ,2,50.0,0.0,102.4,103.9,25.0,25.0,0.0,50.0,66.7,60.0,100.0,0.0
Tomás Nido,DET,4,50.0,25.0,98.5,101.1,25.0,25.0,0.0,100.0,100.0,66.7,75.0,
DJ Gladney,NYY,1,,,,,25.0,50.0,25.0,0.0,66.7,57.1,75.0,50.0
Nick Madrigal,TB,63,6.5,17.3,99.3,105.3,24.9,51.8,26.9,30.4,96.5,51.9,68.5,11.1
Joshua Báez,STL,108,33.3,16.2,107.2,111.9,24.8,52.1,27.3,39.6,78.4,49.7,70.5,35.9
Jeimer Candelario,LAA,26,22.2,25.0,99.2,102.3,24.8,54.0,29.2,36.7,59.5,52.4,68.5,60.0
Tyler Heineman,LAA,204,3.2,12.3,97.0,106.3,24.7,50.6,25.8,43.5,87.1,48.9,70.1,24.9
Edmundo Sosa,PHI,264,33.9,12.0,106.1,111.6,24.6,49.0,24.4,53.3,88.0,45.3,71.7,34.9
Yonny Hernández,NYM,3,0.0,33.3,92.8,94.4,24.4,44.4,20.0,25.0,100.0,63.6,71.4,0.0
John Cruz,MIA,2,,0.0,88.6,88.6,24.4,44.4,20.0,50.0,80.0,53.8,71.4,40.0
Anthony DePino,CWS,2,100.0,0.0,110.8,111.3,24.4,44.4,20.0,33.3,100.0,53.8,85.7,0.0
Sam Huff,BAL,37,55.6,0.0,104.3,104.6,24.1,51.2,27.1,41.4,71.2,50.0,74.3,55.9
Santiago Espinal,LAD,69,9.8,15.3,100.3,104.3,23.8,53.8,30.0,33.9,90.6,50.8,64.9,11.1
Oswaldo Cabrera,CIN,33,15.4,9.1,98.3,104.4,23.7,48.2,24.5,32.7,81.2,55.9,72.7,30.4
Austin Wynns,TEX,93,14.3,14.5,100.9,109.3,23.5,52.5,29.0,39.9,84.9,50.6,67.2,35.3
Kyler Fedko,MIN,19,16.7,22.2,99.7,104.5,23.5,52.1,28.6,40.5,61.5,46.2,72.2,35.3
Jose Trevino,CIN,166,12.2,13.0,100.3,105.6,23.5,54.1,30.6,36.5,89.1,51.5,61.5,25.4
José Azócar,ATL,22,8.3,11.8,100.1,102.3,22.1,47.9,25.8,50.0,84.0,45.5,71.4,20.0
Ethan Salas,SD,47,33.3,17.6,104.8,108.3,22.0,53.5,31.5,32.1,89.5,51.4,64.0,27.3
Andy Ibáñez,NYM,32,15.8,15.4,98.6,105.1,21.9,45.7,23.8,40.4,87.8,53.9,74.5,23.3
Gabriel Rincones Jr.,PHI,89,26.5,24.5,106.4,112.7,21.8,51.2,29.5,46.6,83.5,48.3,69.3,40.2
Liover Peguero,PHI,7,50.0,25.0,101.3,102.0,21.5,43.8,22.2,58.3,88.9,52.0,69.2,37.5
Aaron Sabato,MIN,6,0.0,33.3,96.7,97.0,21.5,43.8,22.2,22.2,81.8,59.1,84.6,28.6
Reese McGuire,CWS,41,5.0,15.4,95.8,100.9,21.4,51.1,29.7,36.2,89.4,56.1,63.5,16.1
Angel Cepeda,CHC,4,0.0,50.0,87.9,88.6,21.4,50.0,28.6,40.0,40.0,64.3,55.6,50.0
Jonathan Ornelas,MIL,22,42.9,0.0,103.3,103.6,21.2,48.2,27.0,45.5,78.1,50.6,71.1,47.6
Braden Shewmake,MIL,91,26.1,15.3,101.4,110.5,20.6,46.9,26.3,52.6,81.4,48.1,71.3,27.1
Nick Schnell,SD,7,50.0,50.0,102.9,105.8,20.5,56.2,35.7,40.0,28.6,44.4,58.3,71.4
Keshawn Ogans,ATL,2,,,,,20.0,60.0,40.0,0.0,0.0,57.1,50.0,100.0
Leandro Romero,SEA,2,,0.0,65.7,65.7,20.0,20.0,0.0,50.0,100.0,71.4,100.0,50.0
Yanquiel Fernández,NYY,2,0.0,0.0,96.2,96.2,20.0,20.0,0.0,100.0,100.0,71.4,80.0,
Jaison Chourio,CLE,5,40.0,100.0,96.3,98.2,20.0,40.0,20.0,25.0,83.3,66.7,75.0,0.0
Hayden Senger,NYM,20,60.0,15.4,99.9,102.8,19.4,46.3,26.9,47.1,82.6,47.7,74.2,12.5
George Valera,CLE,38,14.3,6.9,102.8,108.3,19.4,46.8,27.5,40.4,88.9,52.1,72.6,14.3
Kyle Farmer,ATL,29,0.0,15.0,96.8,100.1,19.0,54.4,35.4,43.1,75.8,50.5,63.5,15.0
Aramis Garcia,AZ,22,20.0,7.1,101.4,105.8,18.6,47.2,28.6,37.8,77.8,51.3,69.2,47.1
Will Brennan,SF,28,13.3,25.0,102.6,108.3,17.7,41.1,23.3,54.8,97.1,52.3,76.1,4.0
Ivan Melendez,AZ,1,100.0,0.0,110.1,110.1,16.7,50.0,33.3,40.0,100.0,28.6,100.0,50.0
Dyan Jorge,COL,1,0.0,0.0,97.3,97.3,16.7,66.7,50.0,0.0,100.0,50.0,66.7,
Sean McLain,LAD,2,0.0,0.0,96.6,96.6,16.7,50.0,33.3,33.3,100.0,50.0,66.7,0.0
Rayne Doncon,MIN,2,0.0,0.0,86.0,86.0,16.7,50.0,33.3,0.0,100.0,66.7,75.0,0.0
Ricardo Olivar,MIN,1,0.0,0.0,97.7,97.7,16.7,50.0,33.3,33.3,50.0,50.0,66.7,50.0
Romeo Sanabria,SD,3,50.0,0.0,109.6,110.8,16.7,50.0,33.3,33.3,100.0,57.1,75.0,50.0
Benny Montgomery,COL,2,0.0,100.0,85.7,86.7,16.7,16.7,0.0,66.7,80.0,62.5,100.0,0.0
Sandy León,ATL,44,16.7,11.5,97.0,98.8,16.7,46.6,29.9,39.2,81.2,55.4,70.4,23.3
Gabriel Davalillo,LAA,3,,0.0,97.9,99.1,16.7,50.0,33.3,0.0,100.0,50.0,100.0,0.0
Jair Camargo,ATL,2,100.0,0.0,108.1,108.1,16.7,50.0,33.3,33.3,66.7,57.1,75.0,66.7
Angel Mateo,TB,1,,,,,16.7,50.0,33.3,50.0,66.7,50.0,75.0,66.7
Fenwick Trimble,MIA,3,,0.0,104.1,104.1,16.7,50.0,33.3,0.0,100.0,60.0,66.7,0.0
Anderson De Los Santos,BAL,1,,,,,16.7,66.7,50.0,0.0,100.0,60.0,33.3,
Will Simpson,TB,1,,0.0,68.5,68.5,16.7,66.7,50.0,33.3,100.0,50.0,33.3,
Yohairo Cuevas,NYM,1,,,,,16.7,50.0,33.3,0.0,100.0,60.0,66.7,0.0
Kenedy Corona,NYY,3,,0.0,99.6,101.8,16.7,50.0,33.3,50.0,25.0,55.6,80.0,75.0
Owen Ayers,CHC,2,100.0,0.0,110.6,111.6,16.7,50.0,33.3,0.0,100.0,66.7,75.0,
Joendry Vargas,LAD,3,50.0,0.0,101.6,103.1,16.7,50.0,33.3,33.3,75.0,62.5,80.0,0.0
Jose Cordova,COL,2,0.0,50.0,83.3,84.9,16.7,66.7,50.0,33.3,100.0,50.0,33.3,0.0
BJ Murray Jr.,CHC,14,37.5,40.0,97.6,97.9,16.6,48.7,32.1,24.0,90.9,55.4,71.0,9.1
Andrew Velazquez,KC,17,28.6,23.1,97.1,97.9,16.1,42.4,26.3,53.8,85.0,50.9,74.1,16.7
Chadwick Tromp,BAL,51,9.5,27.0,99.8,105.0,15.7,48.6,32.9,45.6,85.5,50.5,67.4,40.9
Brett Wisely,ATL,7,25.0,20.0,101.6,104.5,14.7,38.2,23.5,42.1,93.8,53.7,72.7,0.0
Ben Rortvedt,LAD,34,6.2,17.4,93.4,104.1,14.6,52.7,38.1,39.3,80.6,53.7,55.4,34.6
Billy Cook,PIT,68,22.9,20.9,102.0,110.9,14.0,45.0,30.9,40.4,71.3,57.1,71.2,27.6
Kemp Alderman,MIA,7,100.0,0.0,96.1,100.7,12.8,46.2,33.3,53.8,62.5,45.8,72.7,60.0
Greg Jones,MIL,27,14.3,7.1,100.2,109.1,12.8,49.1,36.4,40.9,71.9,53.2,64.0,52.6
Drake Logan,CWS,4,100.0,50.0,97.0,97.2,12.5,50.0,37.5,25.0,50.0,73.3,54.5,0.0
Luis Guanipa,ATL,3,0.0,0.0,100.9,101.5,12.5,37.5,25.0,25.0,100.0,63.6,85.7,0.0
Bo Davidson,SF,22,22.2,7.1,103.4,105.1,12.3,51.2,38.9,41.7,77.8,53.8,64.3,25.0
Chuckie Robinson,LAD,26,16.7,20.0,96.8,105.3,12.2,40.0,27.8,27.3,62.2,63.3,78.9,23.5
Trei Cruz,DET,10,0.0,25.0,97.8,99.4,12.1,46.9,34.8,6.2,60.0,63.6,71.4,33.3
Trent Farquhar,PHI,2,0.0,0.0,88.0,88.0,10.0,60.0,50.0,0.0,50.0,50.0,50.0,
Nathan Flewelling,TB,2,,,,,10.0,60.0,50.0,0.0,66.7,66.7,50.0,50.0
Pablo Reyes,SD,2,,0.0,102.9,104.1,10.0,50.0,40.0,40.0,100.0,54.5,66.7,0.0
Angel Ortiz,AZ,3,0.0,0.0,84.0,84.0,10.0,60.0,50.0,40.0,50.0,50.0,40.0,100.0
Antonio Anderson,BOS,2,0.0,50.0,77.0,77.2,10.0,50.0,40.0,25.0,100.0,55.6,60.0,0.0
Carson Williams,TB,49,25.0,19.4,106.6,110.1,9.7,43.0,33.3,42.9,79.0,49.7,74.7,52.0
Jonathon Long,CHC,8,60.0,20.0,104.3,104.9,9.3,45.0,35.7,20.0,72.7,63.0,64.7,40.0
Rikuu Nishida,CWS,31,0.0,15.4,96.6,102.0,7.7,49.2,41.5,29.5,72.2,56.9,62.1,23.5
Sammy Siani,SEA,5,0.0,25.0,86.4,90.0,7.7,53.8,46.2,25.0,100.0,45.5,60.0,16.7
Je'Von Ward,TOR,3,0.0,50.0,85.1,88.4,7.1,50.0,42.9,20.0,50.0,58.3,57.1,33.3
Tony Bullard,MIA,2,100.0,50.0,97.5,97.5,6.7,40.0,33.3,0.0,75.0,71.4,80.0,50.0
Daniel Bucciero,ATH,2,0.0,50.0,105.7,106.8,6.7,40.0,33.3,0.0,100.0,66.7,75.0,0.0
Blake Burke,MIL,2,,0.0,68.4,68.4,6.7,40.0,33.3,33.3,60.0,66.7,83.3,33.3
Tommy Hopfe,COL,3,0.0,33.3,81.6,83.2,6.7,40.0,33.3,16.7,100.0,57.1,87.5,33.3
Cole Mathis,CHC,1,,0.0,72.9,72.9,6.7,66.7,60.0,0.0,100.0,66.7,25.0,0.0
Cannon Peebles,CLE,3,,0.0,95.8,98.2,2.9,42.9,40.0,25.0,80.0,63.6,71.4,50.0
Dean Curley,CLE,3,,0.0,107.1,107.1,2.9,60.0,57.1,0.0,100.0,88.9,25.0,
Chase Call,HOU,3,0.0,50.0,90.9,91.0,1.6,44.4,42.9,33.3,100.0,57.1,62.5,40.0
Cameron Leary,ATH,1,,0.0,105.7,105.7,0.0,50.0,50.0,50.0,100.0,60.0,66.7,50.0
Joe Olsavsky,ATL,1,0.0,0.0,94.4,94.4,0.0,50.0,50.0,0.0,100.0,66.7,50.0,
Israfell Bautista,TB,2,,0.0,101.7,106.5,0.0,50.0,50.0,0.0,100.0,75.0,66.7,
Brady Counsell,AZ,1,,0.0,70.3,70.3,0.0,50.0,50.0,,100.0,100.0,33.3,0.0
Trevor Hauver,TEX,1,,0.0,70.7,70.7,0.0,50.0,50.0,,100.0,100.0,33.3,
Jack Winnay,BOS,2,0.0,0.0,82.3,82.3,0.0,50.0,50.0,0.0,50.0,50.0,66.7,0.0
Wallace Clark,AZ,3,0.0,0.0,68.9,70.5,0.0,50.0,50.0,66.7,100.0,50.0,66.7,0.0
Connor Caskenette,MIA,1,,,,,0.0,50.0,50.0,25.0,50.0,42.9,66.7,
Axel Sanchez,SEA,1,,,,,0.0,50.0,50.0,0.0,100.0,66.7,50.0,0.0
Marco Dinges,MIL,3,50.0,33.3,92.2,92.5,0.0,50.0,50.0,50.0,100.0,60.0,66.7,
David García,MIL,1,0.0,0.0,97.8,97.8,0.0,50.0,50.0,0.0,100.0,66.7,50.0,0.0
Gabriel Rodriguez,PIT,2,0.0,0.0,67.8,67.8,0.0,50.0,50.0,0.0,100.0,71.4,60.0,0.0
Isaiah Jackson,BOS,1,0.0,0.0,89.0,89.0,0.0,50.0,50.0,50.0,100.0,50.0,50.0,100.0
Will Turner,BOS,2,0.0,50.0,99.7,101.4,0.0,50.0,50.0,0.0,100.0,66.7,50.0,
Omar Hernandez,KC,3,50.0,0.0,99.3,101.3,0.0,50.0,50.0,0.0,100.0,88.9,37.5,0.0
Devin Taylor,ATH,1,,0.0,109.1,109.1,0.0,50.0,50.0,0.0,50.0,75.0,66.7,
Ricardo Romero,CLE,1,0.0,100.0,79.6,79.6,0.0,50.0,50.0,0.0,100.0,66.7,50.0,
Nick Pratto,TEX,1,100.0,0.0,97.9,97.9,0.0,50.0,50.0,0.0,100.0,66.7,50.0,0.0
Matthew Wood,MIL,1,0.0,0.0,97.8,97.8,0.0,50.0,50.0,0.0,100.0,66.7,50.0,0.0
Darlyn De Leon,CHC,2,0.0,0.0,71.6,71.6,0.0,50.0,50.0,66.7,100.0,40.0,50.0,
Kevin Kilpatrick Jr.,ATL,6,0.0,0.0,99.9,100.5,-2.5,37.5,40.0,0.0,100.0,70.0,71.4,0.0
Tyson Lewis,CIN,4,0.0,50.0,82.0,83.3,-2.9,40.0,42.9,33.3,87.5,64.7,72.7,50.0
Jonathan Mejía,STL,4,0.0,0.0,105.6,109.0,-4.5,50.0,54.5,33.3,83.3,55.0,54.5,0.0
Dallas Macias,ATL,3,0.0,0.0,72.4,72.4,-6.5,36.4,42.9,50.0,85.7,55.6,70.0,20.0
José Barrero,BAL,11,0.0,0.0,92.6,92.6,-6.7,35.0,41.7,66.7,81.8,43.2,68.8,50.0
LeTrey McCollum,LAA,3,,0.0,104.8,106.5,-7.1,42.9,50.0,25.0,75.0,63.6,57.1,66.7
Johnny Olmstead,MIA,3,0.0,0.0,79.3,81.5,-7.1,50.0,57.1,50.0,66.7,42.9,50.0,50.0
Eric Rataczak,MIA,2,100.0,50.0,108.7,109.5,-7.1,42.9,50.0,25.0,66.7,60.0,50.0,0.0
Jose Devers,CLE,3,0.0,0.0,84.1,84.1,-7.1,42.9,50.0,75.0,66.7,66.7,37.5,33.3
DaShawn Keirsey Jr.,ATL,8,0.0,0.0,91.2,93.5,-8.1,29.4,37.5,42.9,66.7,69.6,75.0,40.0
Wuilfredo Antunez,CLE,3,100.0,0.0,106.7,109.3,-8.3,25.0,33.3,0.0,66.7,77.8,85.7,40.0
Carlos Sanchez,CIN,2,0.0,0.0,72.9,72.9,-10.0,40.0,50.0,0.0,66.7,71.4,60.0,50.0
Vinny Capra,BOS,3,,0.0,75.0,75.0,-10.0,40.0,50.0,50.0,33.3,55.6,60.0,66.7
Alex Mooney,CLE,5,0.0,0.0,93.6,95.0,-12.1,30.8,42.9,14.3,50.0,61.1,90.9,80.0
Kevyn Castillo,LAA,2,,0.0,90.9,92.5,-16.7,33.3,50.0,50.0,100.0,60.0,66.7,
Jaylen Palmer,CHC,2,,,,,-16.7,50.0,66.7,50.0,100.0,60.0,33.3,
Hunter Stovall,PIT,1,0.0,0.0,93.8,93.8,-16.7,50.0,66.7,50.0,,50.0,0.0,
Andrew Fischer,MIL,1,100.0,0.0,112.4,112.4,-16.7,33.3,50.0,0.0,50.0,75.0,66.7,
Kasen Wells,SD,3,33.3,0.0,98.7,98.8,-16.7,33.3,50.0,0.0,100.0,66.7,100.0,0.0
JD Dix,AZ,2,,0.0,85.9,85.9,-16.7,33.3,50.0,0.0,100.0,75.0,66.7,0.0
Kevin Made,WSH,1,,,,,-16.7,50.0,66.7,0.0,0.0,50.0,50.0,
Jud Fabian,BAL,5,50.0,0.0,101.0,103.0,-16.7,33.3,50.0,25.0,80.0,78.9,66.7,37.5
Leonardo Pineda,TB,1,,,,,-16.7,50.0,66.7,0.0,100.0,75.0,33.3,
Colin Burgess,ATL,1,,,,,-16.7,33.3,50.0,75.0,100.0,33.3,50.0,100.0
Garret Forrester,MIA,1,0.0,0.0,90.1,90.1,-16.7,50.0,66.7,0.0,100.0,75.0,33.3,
Kien Vu,CIN,2,,0.0,68.0,68.0,-19.6,37.5,57.1,20.0,100.0,64.3,66.7,0.0
Emilio Barreras,MIA,2,0.0,0.0,97.8,97.8,-20.0,40.0,60.0,33.3,66.7,66.7,50.0,0.0
Steward Berroa,PHI,7,0.0,0.0,91.7,91.8,-20.0,40.0,60.0,50.0,88.9,65.2,60.0,14.3
Zach Ehrhard,LAD,5,0.0,25.0,105.7,110.1,-21.4,28.6,50.0,60.0,100.0,58.3,71.4,33.3
D'Angelo Ortiz,BOS,3,0.0,0.0,93.1,93.8,-21.4,28.6,50.0,0.0,83.3,80.0,75.0,0.0
Yassel Soler,AZ,4,100.0,0.0,107.8,107.8,-25.0,25.0,50.0,60.0,85.7,64.3,77.8,60.0
Carlos Caro,PIT,1,,,,,-25.0,25.0,50.0,50.0,100.0,42.9,100.0,33.3
Alfredo Duno,CIN,1,,,,,-25.0,50.0,75.0,0.0,100.0,83.3,40.0,0.0
Andy Weber,CWS,2,50.0,0.0,102.4,103.6,-25.0,25.0,50.0,66.7,100.0,57.1,75.0,25.0
Connor Kaiser,KC,2,,0.0,61.9,61.9,-25.0,25.0,50.0,66.7,100.0,50.0,66.7,0.0
Cooper Flemming,TB,2,0.0,0.0,100.9,102.6,-30.0,20.0,50.0,50.0,50.0,71.4,80.0,50.0
Dillon Head,MIA,2,0.0,0.0,95.0,95.0,-30.0,50.0,80.0,66.7,100.0,62.5,20.0,50.0
Jalin Flores,STL,2,0.0,50.0,98.8,100.5,-33.3,33.3,66.7,0.0,100.0,83.3,60.0,0.0
Ben Gobbel,LAA,4,0.0,0.0,84.1,85.4,-35.7,14.3,50.0,85.7,60.0,46.2,83.3,20.0
Willy Vasquez,BAL,2,0.0,100.0,88.1,88.2,-41.7,25.0,66.7,50.0,66.7,50.0,75.0,0.0
Chase Jaworsky,MIA,3,0.0,0.0,77.9,80.9,-41.7,25.0,66.7,66.7,66.7,62.5,60.0,100.0
Jace Bohrofen,TOR,1,0.0,0.0,89.6,89.6,-100.0,0.0,100.0,,100.0,100.0,33.3,0.0
Logan Davidson,TB,1,,,,,-100.0,0.0,100.0,100.0,100.0,66.7,50.0,100.0
Hansel Jimenez,CIN,1,,,,,-100.0,0.0,100.0,100.0,50.0,75.0,66.7,0.0
Jack Winkler,HOU,1,0.0,0.0,99.9,99.9,-100.0,0.0,100.0,,100.0,100.0,50.0,0.0
Matt O'Neill,AZ,3,100.0,50.0,101.8,101.8,-100.0,0.0,100.0,100.0,100.0,85.7,33.3,0.0
Caden Connor,CWS,1,0.0,100.0,62.5,62.5,-100.0,0.0,100.0,100.0,100.0,66.7,50.0,0.0
Rafael Lantigua,TOR,3,0.0,0.0,84.4,85.6,-100.0,0.0,100.0,100.0,100.0,80.0,75.0,0.0
Alberth Palma,TB,2,,0.0,61.7,61.7,-100.0,0.0,100.0,,100.0,100.0,50.0,0.0
Esmil Valencia,MIA,1,0.0,0.0,72.5,72.5,-100.0,0.0,100.0,,100.0,100.0,50.0,0.0
Nate Mondou,SD,1,,0.0,95.3,95.3,-100.0,0.0,100.0,,100.0,100.0,50.0,0.0
Danny Serretti,AZ,1,,,,,-100.0,0.0,100.0,,50.0,100.0,66.7,50.0
Óscar Mercado,AZ,1,0.0,100.0,80.7,80.7,-100.0,0.0,100.0,50.0,80.0,75.0,83.3,33.3
Archer Brookman,ATL,2,0.0,0.0,93.7,94.5,-100.0,0.0,100.0,100.0,100.0,80.0,50.0,0.0
Kamren James,TB,1,,0.0,110.0,110.0,-100.0,0.0,100.0,100.0,100.0,66.7,75.0,0.0
Ryan McCarty,TOR,1,,,,,-100.0,0.0,100.0,,100.0,100.0,50.0,0.0
Billy Amick,MIN,3,0.0,33.3,100.0,102.0,-100.0,0.0,100.0,,100.0,100.0,75.0,0.0
Derek Berg,PIT,1,,,,,-100.0,0.0,100.0,,0.0,100.0,66.7,
Sam Brown,WSH,1,0.0,0.0,95.5,95.5,-100.0,0.0,100.0,,100.0,100.0,50.0,
Marcus Brown,WSH,1,,,,,-100.0,0.0,100.0,,50.0,100.0,66.7,50.0
Jack Brannigan,PIT,1,,,,,,,,,,,,
Luke Williams,ATL,1,,,,,,,,,,,,
Francisco Urbaez,CIN,1,,,,,,,,,,,,
Freili Encarnacion,BOS,1,,0.0,64.6,64.6,,,,,,,,
Jake Rucker,MIN,1,0.0,0.0,66.7,66.7,,,,,,,,
Andreimi Antunez,TB,2,100.0,0.0,100.0,103.4,,,,,,,,0.0
Daniel Pierce,TB,1,0.0,0.0,79.5,79.5,,,,,,,,
Michael Chavis,CIN,1,100.0,100.0,96.4,96.4,,,,,,,,
Jhorman Bravo,BOS,1,0.0,100.0,81.5,81.5,,,,,,,,
Albert Fabian,SD,1,0.0,0.0,76.9,76.9,,,100.0,100.0,,50.0,0.0,0.0
Ricardo Gonzalez,TB,1,,0.0,85.0,85.0,,,,,,,,
Alfonzo Martinez,TB,1,,,,,,,,,,,,
Lizandro Espinoza,ATL,1,0.0,0.0,97.4,97.4,,,,,,,,0.0
Modeifi Marte,AZ,1,0.0,0.0,99.2,99.2,,,100.0,100.0,,50.0,0.0,
Gavin Conticello,AZ,1,0.0,0.0,95.6,95.6,,,,,,,,
Jacob Humphrey,COL,1,,,,,,,,,,,,
Justin Riemer,ATH,1,,0.0,89.0,89.0,,,100.0,100.0,,50.0,0.0,
Adam Hackenberg,CWS,1,0.0,0.0,96.6,96.6,,,,,,,,0.0
Korey Lee,CWS,1,,,,,,,,,,,,100.0
Matt Scannell,TOR,1,,,,,,,,,,,,
Gustavo Melendez,PIT,1,,,,,,,,,,,,
Hyun Seung Lee,PIT,1,,,,,,,,,,,,
Max Holy,HOU,1,,,,,,,,,,,,
Garrett Martin,NYY,1,0.0,0.0,86.3,86.3,,,,,,,,
Ambioris Tavarez,ATL,3,0.0,0.0,58.4,59.2,,,,,,,,50.0
Heriberto Rincon,NYM,1,,,,,,,,,,,,0.0
Yunior Amparo,NYM,1,0.0,0.0,70.5,70.5,,,,,,,,0.0
Kai Roberts,SD,1,,,,,,,,,,,,
Carlos Mendoza,TOR,1,0.0,0.0,91.3,91.3,,,100.0,100.0,,50.0,0.0,0.0
Raymond Mola,PIT,1,,,,,,,,,,,,100.0
Cade Doughty,TOR,1,,0.0,69.1,69.1,,,,,,,,
Geovanny Planchart,TOR,1,0.0,0.0,96.4,96.4,,,,,,,,
Ahbram Liendo,BOS,1,,,,,,,,,,,,
Alex Binelas,PHI,1,,,,,,,,,,,,
Emaarion Boyd,MIA,3,0.0,0.0,92.2,94.2,,,,,,,,0.0
José Suárez,STL,1,,0.0,101.5,101.5,,,,,,,,
Jake McCutcheon,MIA,1,,0.0,85.3,85.3,,,,,,,,
Tres Barrera,WSH,1,0.0,0.0,72.3,72.3,,,,,,,,50.0
Juan Cabada,CHC,1,,0.0,56.6,56.6,,,,,,,,0.0
Casey Yamauchi,ATH,1,,,,,,,,,,,,
Alexey Lumpuy,CHC,1,,0.0,64.3,64.3,,,,,,,,0.0
J.J. D'Orazio,LAA,1,0.0,0.0,78.4,78.4,,,,,,,,
Andy Perez,COL,1,0.0,100.0,96.5,96.5,,,,,,,,
Justin Johnson,KC,1,0.0,0.0,60.4,60.4,,,,,,,,
Dakota Jordan,SF,1,,,,,,,100.0,100.0,,33.3,0.0,100.0
Maui Ahuna,SF,1,,,,,,,,,,,,0.0
Walker Martin,SF,1,,,,,,,,,,,,
Pedro Catuy,AZ,1,100.0,0.0,107.8,107.8,,,,,,,,0.0
Carlos Virahonda,AZ,1,100.0,0.0,99.6,99.6,,,,,,,,0.0
Kyle Nevin,LAD,1,,0.0,93.9,93.9,,,,,,,,0.0
Jacob McCombs,MIN,1,0.0,0.0,87.7,87.7,,,,,,,,
Cole Gabrielson,NYY,1,,,,,,,,,,,,100.0
Blake Sabol,TB,1,100.0,0.0,96.5,96.5,,,,,,,,
Matt Thaiss,BOS,1,,,,,,,,,,,,
Cam Cannarella,MIA,1,0.0,0.0,100.9,100.9,,,,,,,,
Trey Paige,STL,1,,,,,,,,,,,,
